ts_local,run_id,account,NetLiquidation,TotalCashValue,GrossPositionValue,UnrealizedPnL,RealizedPnL,AvailableFunds,BuyingPower,EquityWithLoanValue
2026-01-25T00:46:54-05:00,516141bf-7e48-4900-bd6c-3f1a158dd3c3,DUO585405,1001204.78,999801.18,194.70,-4.12,0.00,999931.63,3999726.52,999995.88
2026-01-25T01:11:17-05:00,71b8d05c-1e43-4c18-bd20-784c15a96157,DUO585405,1001204.78,999801.18,194.70,-4.12,0.00,999931.63,3999726.52,999995.88
2026-01-25T08:30:05-05:00,8c8c0b50-6f59-452b-8435-d751e3d9b1ba,DUO585405,1001204.78,999801.18,194.70,-4.12,0.00,999931.63,3999726.52,999995.88
2026-01-25T08:35:02-05:00,a646cfe8-d6ef-4100-b4e1-508d294db846,DUO585405,1001204.78,999801.18,194.70,-4.12,0.00,999931.63,3999726.52,999995.88
2026-01-25T08:40:02-05:00,d5757856-6440-421e-9fe1-b6483e7f8c19,DUO585405,1001204.78,999801.18,194.70,-4.12,0.00,999931.63,3999726.52,999995.88
2026-01-25T08:45:02-05:00,839a71c8-599d-409c-8955-d06b557022fc,DUO585405,1001204.78,999801.18,194.70,-4.12,0.00,999931.63,3999726.52,999995.88
2026-01-25T08:50:02-05:00,2802a326-3453-433f-91ad-7ac7b44b5e8e,DUO585405,1001204.78,999801.18,194.70,-4.12,0.00,999931.63,3999726.52,999995.88
2026-01-25T08:55:02-05:00,66bbd8f8-b5ca-42c3-98e4-4e32458603dc,DUO585405,1001204.78,999801.18,194.70,-4.12,0.00,999931.63,3999726.52,999995.88
2026-01-25T09:00:02-05:00,6b0e6223-d2b0-43ed-965f-b098ebe9c601,DUO585405,1001204.78,999801.18,194.70,-4.12,0.00,999931.63,3999726.52,999995.88
2026-01-25T09:05:02-05:00,85cfabdc-6197-4f69-9a95-ddeda7bc11f7,DUO585405,1001204.78,999801.18,194.70,-4.12,0.00,999931.63,3999726.52,999995.88
2026-01-25T09:10:02-05:00,75e825fb-defe-46a5-9435-fef863531044,DUO585405,1001204.78,999801.18,194.70,-4.12,0.00,999931.63,3999726.52,999995.88
2026-01-25T09:15:02-05:00,2fd540dd-9d57-4538-b3c2-515b741b49a7,DUO585405,1001204.78,999801.18,194.70,-4.12,0.00,999931.63,3999726.52,999995.88
2026-01-25T09:20:02-05:00,7de891af-70aa-4e3d-8945-c2db7ac369eb,DUO585405,1001204.78,999801.18,194.70,-4.12,0.00,999931.63,3999726.52,999995.88
2026-01-25T09:25:02-05:00,12bfc4ec-6b97-4200-9962-06b68905b28d,DUO585405,1001204.78,999801.18,194.70,-4.12,0.00,999931.63,3999726.52,999995.88
2026-01-25T09:30:02-05:00,bc63927c-175e-41eb-98fc-3437621c6270,DUO585405,1001204.78,999801.18,194.70,-4.12,0.00,999931.63,3999726.52,999995.88
2026-01-25T09:35:02-05:00,fb503860-b6a2-4306-8e14-d82c2ea84bfd,DUO585405,1001204.78,999801.18,194.70,-4.12,0.00,999931.63,3999726.52,999995.88
2026-01-25T09:40:02-05:00,ffbd7559-b23e-4653-ba6c-b3f6173330c3,DUO585405,1001204.78,999801.18,194.70,-4.12,0.00,999931.63,3999726.52,999995.88
2026-01-25T09:45:02-05:00,71046238-b5d9-4f75-acfb-69fa19601e61,DUO585405,1001204.78,999801.18,194.70,-4.12,0.00,999931.63,3999726.52,999995.88
2026-01-25T09:50:02-05:00,ba0b42be-efa2-401f-a50b-6cabae9866e8,DUO585405,1001204.78,999801.18,194.70,-4.12,0.00,999931.63,3999726.52,999995.88
2026-01-25T09:55:02-05:00,ed6e50c6-7337-4994-91f5-998569fcfc5b,DUO585405,1001204.78,999801.18,194.70,-4.12,0.00,999931.63,3999726.52,999995.88
2026-01-25T10:00:02-05:00,7ed12980-8eb4-44bb-ad71-c3173d1f6aed,DUO585405,1001204.78,999801.18,194.70,-4.12,0.00,999931.63,3999726.52,999995.88
2026-01-25T10:05:02-05:00,0e0747d6-f6f2-4613-8be5-2e6da7371b2d,DUO585405,1001204.78,999801.18,194.70,-4.12,0.00,999931.63,3999726.52,999995.88
2026-01-25T10:10:02-05:00,b0346f78-3d2c-4550-a86d-54501245a2d7,DUO585405,1001204.78,999801.18,194.70,-4.12,0.00,999931.63,3999726.52,999995.88
2026-01-25T10:15:02-05:00,b596b2c9-a2b1-45fd-811e-5a48bf60b2a8,DUO585405,1001204.78,999801.18,194.70,-4.12,0.00,999931.63,3999726.52,999995.88
2026-01-25T10:20:02-05:00,a0c419e4-f99b-499c-a601-bec2115c41a6,DUO585405,1001204.78,999801.18,194.70,-4.12,0.00,999931.63,3999726.52,999995.88
2026-01-25T10:25:02-05:00,39dd5cce-8280-4cbe-a610-c5111a422f6d,DUO585405,1001204.78,999801.18,194.70,-4.12,0.00,999931.63,3999726.52,999995.88
2026-01-25T10:30:02-05:00,60a21020-00b4-4013-ab94-dfabbde2c794,DUO585405,1001204.78,999801.18,194.70,-4.12,0.00,999931.63,3999726.52,999995.88
2026-01-25T10:35:02-05:00,2d78a701-3e36-44cf-b431-c04517c9f6c6,DUO585405,1001204.78,999801.18,194.70,-4.12,0.00,999931.63,3999726.52,999995.88
2026-01-25T10:40:02-05:00,5f081231-94dd-40f5-9e3a-c6fdca9ebbc3,DUO585405,1001204.78,999801.18,194.70,-4.12,0.00,999931.63,3999726.52,999995.88
2026-01-25T10:45:02-05:00,7138532c-5145-4fd3-a2ab-d1947e602e8f,DUO585405,1001204.78,999801.18,194.70,-4.12,0.00,999931.63,3999726.52,999995.88
2026-01-25T10:50:02-05:00,d6adfcc0-f95f-4b84-91e8-20de71e6d84b,DUO585405,1001204.78,999801.18,194.70,-4.12,0.00,999931.63,3999726.52,999995.88
2026-01-25T10:55:02-05:00,d6fbbf5f-82c0-4653-bfa1-7dadb89691ba,DUO585405,1001204.78,999801.18,194.70,-4.12,0.00,999931.63,3999726.52,999995.88
2026-01-25T11:00:02-05:00,94e3f320-9b9d-472e-a0ac-5a1e60b1b630,DUO585405,1001204.78,999801.18,194.70,-4.12,0.00,999931.63,3999726.52,999995.88
2026-01-25T11:05:02-05:00,796bd98f-ac08-4dd8-a6c6-28a240121a45,DUO585405,1001204.78,999801.18,194.70,-4.12,0.00,999931.63,3999726.52,999995.88
2026-01-25T11:10:02-05:00,7c24028c-0453-4b55-9c01-a0732a27b316,DUO585405,1001204.78,999801.18,194.70,-4.12,0.00,999931.63,3999726.52,999995.88
2026-01-25T11:15:02-05:00,61dc914b-1688-4a20-8b29-ae40b070191f,DUO585405,1001204.78,999801.18,194.70,-4.12,0.00,999931.63,3999726.52,999995.88
2026-01-25T11:20:02-05:00,8df4bb51-064a-41fa-acba-5c91dc3f5a54,DUO585405,1001204.78,999801.18,194.70,-4.12,0.00,999931.63,3999726.52,999995.88
2026-01-25T11:25:02-05:00,56c245e7-8a0d-4cfe-b4d7-8cc036fa69c2,DUO585405,1001204.78,999801.18,194.70,-4.12,0.00,999931.63,3999726.52,999995.88
2026-01-25T11:30:02-05:00,9ef58db9-8096-414f-8d76-c546fdb75c10,DUO585405,1001204.78,999801.18,194.70,-4.12,0.00,999931.63,3999726.52,999995.88
2026-01-25T11:35:02-05:00,68a9dbbc-0610-46f7-9e78-427a050dc285,DUO585405,1001204.78,999801.18,194.70,-4.12,0.00,999931.63,3999726.52,999995.88
2026-01-25T11:40:02-05:00,11e4c7dd-2745-4f50-ad62-25fc1834302f,DUO585405,1001204.78,999801.18,194.70,-4.12,0.00,999931.63,3999726.52,999995.88
2026-01-25T11:45:02-05:00,7fae6512-9eda-41bb-aaa1-66f4975180e5,DUO585405,1001204.78,999801.18,194.70,-4.12,0.00,999931.63,3999726.52,999995.88
2026-01-25T11:50:02-05:00,4aec5a23-6347-419e-b19c-c4b49e123077,DUO585405,1001204.78,999801.18,194.70,-4.12,0.00,999931.63,3999726.52,999995.88
2026-01-25T11:55:02-05:00,6b8df1bb-de03-42a6-9d09-d877fd966202,DUO585405,1001204.78,999801.18,194.70,-4.12,0.00,999931.63,3999726.52,999995.88
2026-01-25T12:00:02-05:00,db9f1882-8b52-4ed6-959b-23800831f5b9,DUO585405,1001204.78,999801.18,194.70,-4.12,0.00,999931.63,3999726.52,999995.88
2026-01-25T12:05:02-05:00,0a88fc1f-2407-4cc5-a029-0a775a0bac28,DUO585405,1001204.78,999801.18,194.70,-4.12,0.00,999931.63,3999726.52,999995.88
2026-01-25T12:10:02-05:00,ebf6a416-34fc-4c5e-a2a6-fff62452dcab,DUO585405,1001204.78,999801.18,194.70,-4.12,0.00,999931.63,3999726.52,999995.88
2026-01-25T12:15:02-05:00,f16d1bc5-2bf4-4984-8f4e-d50145768ace,DUO585405,1001204.78,999801.18,194.70,-4.12,0.00,999931.63,3999726.52,999995.88
2026-01-25T12:20:05-05:00,dc0e7954-417c-46f7-b4b5-15749757bbde,DUO585405,1001204.78,999801.18,194.70,-4.12,0.00,999931.63,3999726.52,999995.88
2026-01-25T12:25:02-05:00,8c4577c3-cb92-4e20-bdd5-0248ef6adc15,DUO585405,1001204.78,999801.18,194.70,-4.12,0.00,999931.63,3999726.52,999995.88
2026-01-25T12:30:02-05:00,a60388cf-ac42-4f79-9fef-eaa7fcd85a62,DUO585405,1001204.78,999801.18,194.70,-4.12,0.00,999931.63,3999726.52,999995.88
2026-01-25T12:35:02-05:00,cdd5fd6c-2825-4590-a926-cd0890c06d92,DUO585405,1001204.78,999801.18,194.70,-4.12,0.00,999931.63,3999726.52,999995.88
2026-01-25T12:40:02-05:00,b2a625ab-4a3b-42f1-a347-cff6b238e473,DUO585405,1001204.78,999801.18,194.70,-4.12,0.00,999931.63,3999726.52,999995.88
2026-01-25T12:45:02-05:00,cc3f688d-f9d7-4897-99b3-e21b73de95e0,DUO585405,1001204.78,999801.18,194.70,-4.12,0.00,999931.63,3999726.52,999995.88
2026-01-25T12:50:02-05:00,64e4613d-cd70-4275-b2a1-9e2c8820b134,DUO585405,1001204.78,999801.18,194.70,-4.12,0.00,999931.63,3999726.52,999995.88
2026-01-25T12:55:02-05:00,39661c2b-f9a2-472b-8190-64b2e6a5182f,DUO585405,1001204.78,999801.18,194.70,-4.12,0.00,999931.63,3999726.52,999995.88
2026-01-25T13:00:02-05:00,df8e3112-c855-416c-a950-55f6ad562fde,DUO585405,1001204.78,999801.18,194.70,-4.12,0.00,999931.63,3999726.52,999995.88
2026-01-25T13:05:02-05:00,0db9f80a-252f-4704-bda1-20fe218fe941,DUO585405,1001204.78,999801.18,194.70,-4.12,0.00,999931.63,3999726.52,999995.88
2026-01-25T13:10:02-05:00,d7aac223-c192-4221-a68a-50529fe94911,DUO585405,1001204.78,999801.18,194.70,-4.12,0.00,999931.63,3999726.52,999995.88
2026-01-25T13:15:02-05:00,6c5de235-5c2a-4d03-b29b-00e57b9f7813,DUO585405,1001204.78,999801.18,194.70,-4.12,0.00,999931.63,3999726.52,999995.88
2026-01-25T13:20:02-05:00,a65cda5f-09c8-43e4-b37b-2fa39b4e3c12,DUO585405,1001204.78,999801.18,194.70,-4.12,0.00,999931.63,3999726.52,999995.88
2026-01-25T13:25:02-05:00,78c49b9f-f0cf-442c-bab7-b35008933ba3,DUO585405,1001204.78,999801.18,194.70,-4.12,0.00,999931.63,3999726.52,999995.88
2026-01-25T13:30:02-05:00,9405c2b1-b09b-4ebe-8de7-be245b4e9be5,DUO585405,1001204.78,999801.18,194.70,-4.12,0.00,999931.63,3999726.52,999995.88
2026-01-25T13:35:02-05:00,6723ec8a-f400-40b6-9c96-9394f01b4a44,DUO585405,1001204.78,999801.18,194.70,-4.12,0.00,999931.63,3999726.52,999995.88
2026-01-25T13:40:02-05:00,e233c4be-c0db-45ed-9330-46c0db93506b,DUO585405,1001204.78,999801.18,194.70,-4.12,0.00,999931.63,3999726.52,999995.88
2026-01-25T13:45:02-05:00,0d527117-8cae-45d0-ab75-1f8f387dcb6d,DUO585405,1001204.78,999801.18,194.70,-4.12,0.00,999931.63,3999726.52,999995.88
2026-01-25T13:50:02-05:00,2bf8e116-04a5-4ade-82ff-654bd44224f6,DUO585405,1001204.78,999801.18,194.70,-4.12,0.00,999931.63,3999726.52,999995.88
2026-01-25T13:55:02-05:00,22c196d3-ca30-4824-8995-82469008a1a1,DUO585405,1001204.78,999801.18,194.70,-4.12,0.00,999931.63,3999726.52,999995.88
2026-01-25T14:00:02-05:00,ebfef15f-cc2d-4ccb-80cc-ff0da5b3f3aa,DUO585405,1001204.78,999801.18,194.70,-4.12,0.00,999931.63,3999726.52,999995.88
2026-01-25T14:05:02-05:00,296d1477-6270-4d84-b52f-6988bceafd0a,DUO585405,1001204.78,999801.18,194.70,-4.12,0.00,999931.63,3999726.52,999995.88
2026-01-25T14:10:02-05:00,acd0fd7a-472f-4d5a-8d33-213a8e590406,DUO585405,1001204.78,999801.18,194.70,-4.12,0.00,999931.63,3999726.52,999995.88
2026-01-25T14:15:02-05:00,c8807882-6a3d-41c7-bcbd-666dc366898e,DUO585405,1001204.78,999801.18,194.70,-4.12,0.00,999931.63,3999726.52,999995.88
2026-01-25T14:20:02-05:00,1c2ca3dd-0636-4471-8af0-a5888e0d073b,DUO585405,1001204.78,999801.18,194.70,-4.12,0.00,999931.63,3999726.52,999995.88
2026-01-25T14:25:02-05:00,d6e2cbd5-b949-49fa-9125-95d45412ef08,DUO585405,1001204.78,999801.18,194.70,-4.12,0.00,999931.63,3999726.52,999995.88
2026-01-25T14:30:02-05:00,3f4913d9-ab66-4b03-9275-72d9c3f7b2e3,DUO585405,1001204.78,999801.18,194.70,-4.12,0.00,999931.63,3999726.52,999995.88
2026-01-25T14:35:02-05:00,2a65577d-cd63-4ac5-b68f-ec82144252fa,DUO585405,1001204.78,999801.18,194.70,-4.12,0.00,999931.63,3999726.52,999995.88
2026-01-25T14:40:02-05:00,b17cba25-1a03-461d-86d8-278a7c2b4596,DUO585405,1001204.78,999801.18,194.70,-4.12,0.00,999931.63,3999726.52,999995.88
2026-01-25T14:45:02-05:00,420b1def-ca8c-4668-8a79-7dfba3629769,DUO585405,1001204.78,999801.18,194.70,-4.12,0.00,999931.63,3999726.52,999995.88
2026-01-25T14:50:02-05:00,ef03fc16-1b53-46c1-be78-f2f4eaaa8c9f,DUO585405,1001204.78,999801.18,194.70,-4.12,0.00,999931.63,3999726.52,999995.88
2026-01-25T14:55:02-05:00,9fc2a30b-9935-4ebc-9216-182e62596ff3,DUO585405,1001204.78,999801.18,194.70,-4.12,0.00,999931.63,3999726.52,999995.88
2026-01-25T15:00:02-05:00,5cf297d6-f3a1-47d1-96b4-e8fe384426cb,DUO585405,1001204.78,999801.18,194.70,-4.12,0.00,999931.63,3999726.52,999995.88
2026-01-25T15:05:02-05:00,9ca0e44d-e2e9-4a8e-9bb0-adc62ff26a1c,DUO585405,1001204.78,999801.18,194.70,-4.12,0.00,999931.63,3999726.52,999995.88
2026-01-25T15:10:02-05:00,925b4281-f464-4751-907c-ba1e0ebab069,DUO585405,1001204.78,999801.18,194.70,-4.12,0.00,999931.63,3999726.52,999995.88
2026-01-25T15:15:02-05:00,6552f54b-8fb7-4837-8244-e6cd3c337b56,DUO585405,1001204.78,999801.18,194.70,-4.12,0.00,999931.63,3999726.52,999995.88
2026-01-25T15:20:02-05:00,b9be852d-17ca-470b-8d45-13951d41f2d1,DUO585405,1001204.78,999801.18,194.70,-4.12,0.00,999931.63,3999726.52,999995.88
2026-01-25T15:25:02-05:00,ae7ff526-d9a8-4d01-a60b-4ab2720acf8d,DUO585405,1001204.78,999801.18,194.70,-4.12,0.00,999931.63,3999726.52,999995.88
2026-01-25T15:30:02-05:00,16f3b8c1-1212-4600-906a-15f76102f97d,DUO585405,1001204.78,999801.18,194.70,-4.12,0.00,999931.63,3999726.52,999995.88
2026-01-25T15:35:02-05:00,3e9389c2-dd12-41e0-a4e3-7756dd1559f5,DUO585405,1001204.78,999801.18,194.70,-4.12,0.00,999931.63,3999726.52,999995.88
2026-01-25T15:40:02-05:00,d1f9a36e-beb2-4c79-aa0e-855833d9e050,DUO585405,1001204.78,999801.18,194.70,-4.12,0.00,999931.63,3999726.52,999995.88
2026-01-25T15:45:02-05:00,89f3232c-07cc-44bd-9107-d0a96441d758,DUO585405,1001204.78,999801.18,194.70,-4.12,0.00,999931.63,3999726.52,999995.88
2026-01-25T15:50:02-05:00,8797c9a0-f67b-45af-af1b-465d611eaf49,DUO585405,1001204.78,999801.18,194.70,-4.12,0.00,999931.63,3999726.52,999995.88
2026-01-25T15:55:02-05:00,ca0d63b5-886b-454f-a9fb-2beef57a94a6,DUO585405,1001204.78,999801.18,194.70,-4.12,0.00,999931.63,3999726.52,999995.88
2026-01-25T16:00:02-05:00,9bde6fc6-8130-4a47-87cb-76a9300b0527,DUO585405,1001204.78,999801.18,194.70,-4.12,0.00,999931.63,3999726.52,999995.88
2026-01-25T16:05:02-05:00,20c44a1b-897f-4c48-a9d7-325c9ac06fee,DUO585405,1001204.78,999801.18,194.70,-4.12,0.00,999931.63,3999726.52,999995.88
2026-01-25T16:10:02-05:00,01a4bd91-684f-4e28-a565-290b03188ed2,DUO585405,1001204.78,999801.18,194.70,-4.12,0.00,999931.63,3999726.52,999995.88
2026-01-25T16:15:02-05:00,b6f23624-0621-4c91-8d22-632429cab85f,DUO585405,1001204.78,999801.18,194.70,-4.12,0.00,999931.63,3999726.52,999995.88
2026-01-25T16:20:02-05:00,f877e0c9-1df0-4412-aa96-ff58dab2d791,DUO585405,1001204.78,999801.18,194.70,-4.12,0.00,999931.63,3999726.52,999995.88
2026-01-25T16:25:02-05:00,4df8050c-dc7c-4e95-bb3e-f1bc5cea3fe3,DUO585405,1001204.78,999801.18,194.70,-4.12,0.00,999931.63,3999726.52,999995.88
2026-01-25T16:30:02-05:00,3099bfd2-0d38-4ee2-a801-a55084126ff4,DUO585405,1001204.78,999801.18,194.70,-4.12,0.00,999931.63,3999726.52,999995.88
2026-01-25T16:35:02-05:00,8fa44bc2-5a51-455b-8d63-4c30690505ed,DUO585405,1001204.78,999801.18,194.70,-4.12,0.00,999931.63,3999726.52,999995.88
2026-01-25T16:40:02-05:00,5764770f-e088-4817-998e-ddf8c49ec73b,DUO585405,1001204.78,999801.18,194.70,-4.12,0.00,999931.63,3999726.52,999995.88
2026-01-25T16:45:02-05:00,230c81e5-a578-4f4d-80d0-4d3440635d39,DUO585405,1001204.78,999801.18,194.70,-4.12,0.00,999931.63,3999726.52,999995.88
2026-01-25T16:50:02-05:00,754b55aa-7e2c-4da5-809c-6cc6b4f916f0,DUO585405,1001204.78,999801.18,194.70,-4.12,0.00,999931.63,3999726.52,999995.88
2026-01-25T16:55:02-05:00,8220e109-e161-4d46-a040-dbde4b61bd4b,DUO585405,1001204.78,999801.18,194.70,-4.12,0.00,999931.63,3999726.52,999995.88
2026-01-25T17:00:02-05:00,6e2eb6a9-4f99-46c1-a387-4f986d64294c,DUO585405,1001204.78,999801.18,194.70,-4.12,0.00,999931.63,3999726.52,999995.88
2026-01-25T17:05:02-05:00,cc56797f-42ca-41ca-bd76-130a8606199e,DUO585405,1001204.78,999801.18,194.70,-4.12,0.00,999931.63,3999726.52,999995.88
2026-01-25T17:10:02-05:00,22144d16-052b-496f-afa7-ff178fad13bf,DUO585405,1001204.78,999801.18,194.70,-4.12,0.00,999931.63,3999726.52,999995.88
2026-01-25T17:15:02-05:00,fa096185-efa8-4f38-bc2f-0af798a7db65,DUO585405,1001204.78,999801.18,194.70,-4.12,0.00,999931.63,3999726.52,999995.88
2026-01-25T17:20:02-05:00,3923992f-7b2a-4c80-bd1c-0a7c99dea047,DUO585405,1001204.78,999801.18,194.70,-4.12,0.00,999931.63,3999726.52,999995.88
2026-01-25T17:25:02-05:00,7ab25927-4725-475a-ac24-ac48265084d0,DUO585405,1001204.78,999801.18,194.70,-4.12,0.00,999931.63,3999726.52,999995.88
2026-01-25T17:30:02-05:00,9cd1bd92-abd4-4c27-a3f6-92a7c529ad5a,DUO585405,1001204.78,999801.18,194.70,-4.12,0.00,999931.63,3999726.52,999995.88
2026-01-25T18:00:02-05:00,b32455a6-e40f-4c6c-b7ff-b519799fb1ea,DUO585405,1001204.78,999801.18,194.70,-4.12,0.00,999931.63,3999726.52,999995.88
2026-01-25T18:30:02-05:00,c24ca63a-36e4-4582-92a7-62a0c77cb43f,DUO585405,1001204.78,999801.18,194.70,-4.12,0.00,999931.63,3999726.52,999995.88
2026-01-26T10:00:01-05:00,3f9cc21f-e000-4a58-8bbf-49a56057748a,DUO585405,1001204.74,999801.18,194.66,-4.16,0.00,999931.60,3999726.40,999995.84
2026-01-26T10:05:02-05:00,a383cc03-7dd4-4242-8714-3bc6d80600af,DUO585405,1001203.88,999107.94,887.04,-5.02,0.00,999773.22,3999092.88,999994.98
2026-01-26T10:10:02-05:00,202289b6-dd21-460d-b0b9-002463c5aacd,DUO585405,1001204.05,999107.94,887.21,-4.85,0.00,999773.35,3999093.40,999995.15
2026-01-26T10:15:02-05:00,c3172d04-4118-4c54-8e7b-bdcfe2ecf974,DUO585405,1001204.43,999107.94,887.59,-4.47,0.00,999773.63,3999094.53,999995.53
2026-01-26T10:20:02-05:00,a996d908-d706-4a6b-86ad-4fb54fa544a0,DUO585405,1001205.43,999107.94,888.59,-3.47,0.00,999774.38,3999097.52,999996.53
2026-01-26T10:25:02-05:00,dcbae519-15c0-4617-9080-11800c139248,DUO585405,1001205.77,999107.94,888.93,-3.12,0.00,999774.64,3999098.56,999996.87
2026-01-26T10:30:02-05:00,36a131e0-a068-425f-9cca-4a53ff479bf7,DUO585405,1001204.82,999107.94,887.98,-4.08,0.00,999773.92,3999095.69,999995.92
2026-01-26T10:35:02-05:00,31968649-a244-4b8d-a9a5-72542245a4c7,DUO585405,1001204.40,999107.94,887.56,-4.49,0.00,999773.61,3999094.45,999995.50
2026-01-26T10:35:47-05:00,57754eee-b609-4795-b2bd-5af48d5519fd,DUO585405,1001204.40,999107.94,887.56,-4.49,0.00,999773.61,3999094.45,999995.50
2026-01-26T10:40:02-05:00,08d5fd73-7d19-422b-9814-70d06f67cc5f,DUO585405,1001204.56,999107.94,887.72,-4.34,0.00,999773.73,3999094.92,999995.66
2026-01-26T10:45:02-05:00,0eb49222-3e64-46dd-ae6f-ccf10f61c0b0,DUO585405,1001204.20,999107.94,887.36,-4.70,0.00,999773.46,3999093.83,999995.30
2026-01-26T10:46:48-05:00,c50f437a-4251-41ec-9eaf-9eb672a6b6e7,DUO585405,1001204.23,999107.94,887.39,-4.67,0.00,999773.48,3999093.92,999995.33
2026-01-26T10:50:02-05:00,1017a6e9-abcb-4219-9638-8e9c82d40bc6,DUO585405,1001204.69,999107.94,887.85,-4.21,0.00,999773.82,3999095.30,999995.79
2026-01-26T10:55:02-05:00,16949887-9f3a-41f4-a667-1b1c9275b1c5,DUO585405,1001205.41,999107.94,888.57,-3.49,0.00,999774.36,3999097.46,999996.51
2026-01-26T10:59:19-05:00,4b4e629b-480e-4795-9a41-76ced3cfd17a,DUO585405,1001205.23,999107.94,888.39,-3.67,0.00,999774.23,3999096.94,999996.33
2026-01-26T11:00:02-05:00,8987de69-9be2-4b36-8ec2-3d0165a8c33a,DUO585405,1001205.23,999107.94,888.39,-3.67,0.00,999774.23,3999096.94,999996.33
2026-01-26T11:05:02-05:00,0252a21b-370c-44ef-8edf-98f9ba36eaf6,DUO585405,1001204.94,999107.94,888.10,-3.95,0.00,999774.02,3999096.07,999996.04
2026-01-26T11:10:02-05:00,9b61958b-27b9-449f-ba67-34d5d9c95262,DUO585405,1001204.84,999107.94,888.00,-4.06,0.00,999773.94,3999095.75,999995.94
2026-01-26T11:15:03-05:00,3d631d73-6c62-4522-b2c9-0385f2b7f7d1,DUO585405,1001204.64,999107.94,887.80,-4.26,0.00,999773.79,3999095.17,999995.74
2026-01-26T11:25:02-05:00,1ad376d0-0153-4030-a754-1691d48f12f0,DUO585405,1001204.57,999107.94,887.73,-4.33,0.00,999773.74,3999094.94,999995.67
2026-01-26T11:25:13-05:00,9d8631d8-205f-490e-be57-b63290c3607a,DUO585405,1001204.57,999107.94,887.73,-4.33,0.00,999773.74,3999094.94,999995.67
2026-01-26T11:30:02-05:00,f6faff85-feb4-4c70-8538-4f2109d14b1d,DUO585405,1001204.90,999107.94,888.06,-3.99,0.00,999773.99,3999095.95,999996.00
2026-01-26T11:35:02-05:00,178ff058-a5f2-4c65-895d-087f0807470f,DUO585405,1001205.01,999107.94,888.17,-3.88,0.00,999774.07,3999096.28,999996.11
2026-01-26T11:40:02-05:00,198f459f-e618-4b75-b4f1-62840366618b,DUO585405,1001204.68,999107.94,887.84,-4.22,0.00,999773.82,3999095.27,999995.78
2026-01-26T11:45:02-05:00,50999437-dd06-4dff-8b64-f52308f39622,DUO585405,1001204.79,999107.94,887.95,-4.10,0.00,999773.91,3999095.62,999995.89
2026-01-26T11:50:02-05:00,b8a586c5-0c41-4868-b085-1ce6ef76f20b,DUO585405,1001204.69,999107.94,887.85,-4.21,0.00,999773.83,3999095.30,999995.79
2026-01-26T11:55:02-05:00,5fb9c9c4-af97-469e-bf3e-b07f3071acb2,DUO585405,1001205.24,999107.94,888.40,-3.66,0.00,999774.24,3999096.95,999996.34
2026-01-26T12:00:02-05:00,67f48188-b9bc-4fc5-bc09-830dfee43fa2,DUO585405,1001205.33,999107.94,888.49,-3.56,0.00,999774.31,3999097.24,999996.43
2026-01-26T12:05:02-05:00,74ef1fe8-099c-43c8-a169-f393e46ee2e0,DUO585405,1001205.61,999107.94,888.77,-3.29,0.00,999774.52,3999098.08,999996.71
2026-01-26T12:06:40-05:00,43dc5cfc-6ce2-4707-a241-1f891f2e3c59,DUO585405,1001205.73,999107.94,888.89,-3.17,0.00,999774.61,3999098.43,999996.83
2026-01-26T12:10:02-05:00,2699a397-dc67-48d1-b092-e6f63bf12827,DUO585405,1001205.72,999107.94,888.89,-3.17,0.00,999774.61,3999098.40,999996.83
2026-01-26T12:15:02-05:00,78d5b5d9-681b-4fb2-97fa-458d5fe8a1ba,DUO585405,1001205.53,999107.94,888.69,-3.36,0.00,999774.46,3999097.84,999996.63
2026-01-26T12:15:08-05:00,8654aea5-cdef-4ba8-86b7-7428997fb52f,DUO585405,1001205.73,999107.94,888.89,-3.17,0.00,999774.61,3999098.44,999996.83
2026-01-26T12:20:02-05:00,f44b14f8-4856-47d3-829c-57abb4112e03,DUO585405,1001205.96,999107.94,889.12,-2.94,0.00,999774.78,3999099.11,999997.06
2026-01-26T12:25:02-05:00,1220f060-6340-4cc4-b7e2-bad3a4dac30b,DUO585405,1001205.94,999107.94,889.10,-2.95,0.00,999774.77,3999099.07,999997.04
2026-01-26T12:27:36-05:00,61696cdb-da03-4440-a669-62b8f8660340,DUO585405,1001206.03,999107.94,889.19,-2.87,0.00,999774.83,3999099.34,999997.13
2026-01-26T12:30:02-05:00,69d0d07a-a24d-4761-bc1b-af1860900232,DUO585405,1001206.03,999107.94,889.19,-2.87,0.00,999774.83,3999099.34,999997.13
2026-01-26T12:32:59-05:00,5e2bb193-2daf-4bb8-864e-b909119596c7,DUO585405,1001206.20,999107.94,889.36,-2.70,0.00,999774.96,3999099.83,999997.30
2026-01-26T12:35:02-05:00,8672873a-7ddb-4c28-a75a-c77257a1e5f7,DUO585405,1001206.02,999107.94,889.18,-2.88,0.00,999774.82,3999099.29,999997.12
2026-01-26T12:36:20-05:00,53a8406e-cdb6-41a0-beed-a40e619577ce,DUO585405,1001205.88,999107.94,889.04,-3.02,0.00,999774.72,3999098.87,999996.98
2026-01-26T12:40:02-05:00,8b38589f-6355-4811-9a68-f3153be5011b,DUO585405,1001203.89,999994.99,0.00,0.00,-5.01,999994.99,3999979.96,999994.99
2026-01-26T12:45:02-05:00,c3648d23-2607-4f39-a99e-9dd658b22a1d,DUO585405,1001203.89,999994.99,0.00,0.00,-5.01,999994.99,3999979.96,999994.99
2026-01-26T12:50:02-05:00,f5eeb9dc-a5a3-4b77-ad0f-4fcf0ee18141,DUO585405,1001203.89,999994.99,0.00,0.00,-5.01,999994.99,3999979.96,999994.99
2026-01-26T12:55:02-05:00,3c124deb-5c3a-47c3-ad54-5d69df5f1359,DUO585405,1001203.89,999994.99,0.00,0.00,-5.01,999994.99,3999979.96,999994.99
2026-01-26T13:00:02-05:00,9003241c-0b5e-4ea9-a157-d2adbad96a08,DUO585405,1001203.89,999994.99,0.00,0.00,-5.01,999994.99,3999979.96,999994.99
2026-01-26T13:05:02-05:00,c7abc32a-813e-44ba-8dcb-e3484f45da46,DUO585405,1001203.89,999994.99,0.00,0.00,-5.01,999994.99,3999979.96,999994.99
2026-01-26T13:10:02-05:00,14fce387-e5e1-434a-b371-78a5074e2612,DUO585405,1001203.89,999994.99,0.00,0.00,-5.01,999994.99,3999979.96,999994.99
2026-01-26T13:15:02-05:00,5ed9ff0f-c8c8-4cfa-8442-bda9bba347a3,DUO585405,1001203.89,999994.99,0.00,0.00,-5.01,999994.99,3999979.96,999994.99
2026-01-26T13:20:02-05:00,ff34946f-2bc6-4fed-b9a4-1220e5a39c3b,DUO585405,1001203.89,999994.99,0.00,0.00,-5.01,999994.99,3999979.96,999994.99
2026-01-26T13:25:02-05:00,9906fa90-5050-4808-8fd7-aa9de84b9aeb,DUO585405,1001203.89,999994.99,0.00,0.00,-5.01,999994.99,3999979.96,999994.99
2026-01-26T13:30:02-05:00,e8208d09-f162-43b1-83d5-af2bc3aaf529,DUO585405,1001203.89,999994.99,0.00,0.00,-5.01,999994.99,3999979.96,999994.99
2026-01-26T13:35:02-05:00,1632e718-7d07-4acb-8b65-52ca2be65569,DUO585405,1001203.89,999994.99,0.00,0.00,-5.01,999994.99,3999979.96,999994.99
2026-01-26T13:40:02-05:00,44a4aa97-2ae5-48d7-a63e-28e2d786fb5d,DUO585405,1001203.89,999994.99,0.00,0.00,-5.01,999994.99,3999979.96,999994.99
2026-01-26T13:45:02-05:00,78526996-dfd8-4006-8b33-9291ea064956,DUO585405,1001203.89,999994.99,0.00,0.00,-5.01,999994.99,3999979.96,999994.99
2026-01-26T13:50:02-05:00,4252e770-1c24-4b1f-bbe2-efa97c4c1f4c,DUO585405,1001203.89,999994.99,0.00,0.00,-5.01,999994.99,3999979.96,999994.99
2026-01-26T13:55:02-05:00,931ad62d-b6fd-4fc9-b6af-35ea589e2d45,DUO585405,1001203.89,999994.99,0.00,0.00,-5.01,999994.99,3999979.96,999994.99
2026-01-26T14:00:02-05:00,b476d562-9225-4409-9b1c-9a88e30e320a,DUO585405,1001203.89,999994.99,0.00,0.00,-5.01,999994.99,3999979.96,999994.99
2026-01-26T14:05:02-05:00,4fbb24b3-23d4-4ae0-95c5-8718a9e87b05,DUO585405,1001203.89,999994.99,0.00,0.00,-5.01,999994.99,3999979.96,999994.99
2026-01-26T14:10:02-05:00,0104e98c-4c1e-4b93-af3f-a973c101e39a,DUO585405,1001203.89,999994.99,0.00,0.00,-5.01,999994.99,3999979.96,999994.99
2026-01-26T14:20:02-05:00,0aefa9b5-5d62-4280-b37f-75c3e4b84e15,DUO585405,1001203.89,999994.99,0.00,0.00,-5.01,999994.99,3999979.96,999994.99
2026-01-26T14:25:02-05:00,4a2b12c8-7e33-4d66-815a-8f69345858ed,DUO585405,1001203.89,999994.99,0.00,0.00,-5.01,999994.99,3999979.96,999994.99
2026-01-26T14:30:02-05:00,5c5a5a00-f2de-422d-b2e6-366af030461c,DUO585405,1001203.89,999994.99,0.00,0.00,-5.01,999994.99,3999979.96,999994.99
2026-01-26T14:35:02-05:00,7ac27928-d430-40b6-a11a-f77b5f94e259,DUO585405,1001203.89,999994.99,0.00,0.00,-5.01,999994.99,3999979.96,999994.99
2026-01-26T14:40:02-05:00,d8fac68f-1f36-49b7-b2a6-0172a6806a28,DUO585405,1001203.89,999994.99,0.00,0.00,-5.01,999994.99,3999979.96,999994.99
2026-01-26T14:45:02-05:00,3a1e7bff-ae0b-446f-bbe0-ba5d80ab4767,DUO585405,1001203.89,999994.99,0.00,0.00,-5.01,999994.99,3999979.96,999994.99
2026-01-26T14:50:03-05:00,fae74beb-b30d-414e-9c28-b55ef1d54286,DUO585405,1001203.89,999994.99,0.00,0.00,-5.01,999994.99,3999979.96,999994.99
2026-01-26T14:55:03-05:00,53585172-b7ff-4cf8-83ce-5fa2cc37ebd8,DUO585405,1001203.89,999994.99,0.00,0.00,-5.01,999994.99,3999979.96,999994.99
2026-01-26T15:00:02-05:00,f0fe60df-8943-4cd0-a706-333d4b65dab4,DUO585405,1001203.89,999994.99,0.00,0.00,-5.01,999994.99,3999979.96,999994.99
2026-01-26T15:05:02-05:00,99c7981e-2648-418e-8379-f85450943680,DUO585405,1001203.89,999994.99,0.00,0.00,-5.01,999994.99,3999979.96,999994.99
2026-01-26T15:10:02-05:00,31b5a55c-5c96-4a0c-b36a-52e92f00a39b,DUO585405,1001203.89,999994.99,0.00,0.00,-5.01,999994.99,3999979.96,999994.99
2026-01-26T15:15:02-05:00,044ce7d0-f870-4d24-8ef6-8b930c0373c3,DUO585405,1001203.89,999994.99,0.00,0.00,-5.01,999994.99,3999979.96,999994.99
2026-01-26T16:01:16-05:00,e336db09-928b-4134-97bc-55362cd14192,DUO585405,1001203.89,999994.99,0.00,0.00,-5.01,999994.99,3999979.96,999994.99
2026-01-26T16:05:02-05:00,797020a1-c3d6-4a32-9a7b-c3fa1711669b,DUO585405,1001203.89,999994.99,0.00,0.00,-5.01,999994.99,3999979.96,999994.99
2026-01-26T16:10:02-05:00,b99bc739-f1f3-4f16-a39e-8c622eb6236b,DUO585405,1001203.89,999994.99,0.00,0.00,-5.01,999994.99,3999979.96,999994.99
2026-01-26T16:15:03-05:00,4df732fa-4b3d-4592-b59a-7535b6bb4550,DUO585405,1001203.89,999994.99,0.00,0.00,-5.01,999994.99,3999979.96,999994.99
2026-01-26T16:20:03-05:00,d77a4dcd-35dd-4ea1-bc2a-bf1c89d2f80a,DUO585405,1001203.89,999994.99,0.00,0.00,-5.01,999994.99,3999979.96,999994.99
2026-01-26T16:25:02-05:00,62f98794-6088-4318-8c83-01cf99275e21,DUO585405,1001203.89,999994.99,0.00,0.00,-5.01,999994.99,3999979.96,999994.99
2026-01-26T16:30:02-05:00,fc1d75c0-06cd-4ab0-8ea8-7f5b33449127,DUO585405,1001203.89,999994.99,0.00,0.00,-5.01,999994.99,3999979.96,999994.99
2026-01-26T16:35:03-05:00,16ca8528-906e-4e52-9450-2fcaa8bd3af1,DUO585405,1001203.89,999994.99,0.00,0.00,-5.01,999994.99,3999979.96,999994.99
2026-01-26T16:40:03-05:00,537eea38-db48-40e7-9c1b-bf5b8db491bd,DUO585405,1001203.89,999994.99,0.00,0.00,-5.01,999994.99,3999979.96,999994.99
2026-01-26T16:45:03-05:00,ce1b58e5-59e0-4ebd-aae3-1e9137979c22,DUO585405,1001203.89,999994.99,0.00,0.00,-5.01,999994.99,3999979.96,999994.99
2026-01-26T16:50:03-05:00,41886f7a-567a-4342-b30b-7919441e7937,DUO585405,1001203.89,999994.99,0.00,0.00,-5.01,999994.99,3999979.96,999994.99
2026-01-26T16:55:02-05:00,7c8a5a8a-d4be-4444-85a7-92b16be65361,DUO585405,1001203.89,999994.99,0.00,0.00,-5.01,999994.99,3999979.96,999994.99
2026-01-26T17:00:02-05:00,a582380f-a8ca-4456-902c-7092b85ba2f6,DUO585405,1001203.89,999994.99,0.00,0.00,-5.01,999994.99,3999979.96,999994.99
2026-01-26T17:05:02-05:00,a31eda4c-5489-47d3-8ca9-80188b0420b1,DUO585405,1001203.89,999994.99,0.00,0.00,-5.01,999994.99,3999979.96,999994.99
2026-01-26T17:10:02-05:00,07c5bd93-4918-4a10-8f83-049b63137315,DUO585405,1001203.89,999994.99,0.00,0.00,-5.01,999994.99,3999979.96,999994.99
2026-01-26T17:15:03-05:00,03c9c0af-e8b6-4a66-8612-99b7759771d6,DUO585405,1001203.89,999994.99,0.00,0.00,-5.01,999994.99,3999979.96,999994.99
2026-01-26T17:20:03-05:00,27e176bc-b0ae-46d2-b9c5-a69c8599879d,DUO585405,1001203.89,999994.99,0.00,0.00,-5.01,999994.99,3999979.96,999994.99
2026-01-26T17:25:03-05:00,0798bf8d-9f01-42fa-b44f-1f0c46ba0d59,DUO585405,1001203.89,999994.99,0.00,0.00,-5.01,999994.99,3999979.96,999994.99
2026-01-26T17:30:02-05:00,99e70694-f31b-4b0b-b720-d6f40999cb3e,DUO585405,1001203.89,999994.99,0.00,0.00,-5.01,999994.99,3999979.96,999994.99
2026-01-26T17:35:03-05:00,7ff966fc-1387-4e76-8a0b-3117124c3eeb,DUO585405,1001203.89,999994.99,0.00,0.00,-5.01,999994.99,3999979.96,999994.99
2026-01-26T17:40:03-05:00,b2b1d5d0-c320-44fc-9a26-d12e5bc72022,DUO585405,1001203.89,999994.99,0.00,0.00,-5.01,999994.99,3999979.96,999994.99
2026-01-26T17:45:03-05:00,56af1786-988c-4229-a3af-348822f714a9,DUO585405,1001203.89,999994.99,0.00,0.00,-5.01,999994.99,3999979.96,999994.99
2026-01-26T17:50:03-05:00,74dea886-709a-4234-af0b-dde9eee25bf2,DUO585405,1001203.89,999994.99,0.00,0.00,-5.01,999994.99,3999979.96,999994.99
2026-01-26T17:55:02-05:00,2b6538fc-da66-47a5-a688-5502fda08016,DUO585405,1001203.89,999994.99,0.00,0.00,-5.01,999994.99,3999979.96,999994.99
2026-01-26T18:00:02-05:00,6bfb5c83-fbac-43d5-ba11-1da0bc553481,DUO585405,1001203.89,999994.99,0.00,0.00,-5.01,999994.99,3999979.96,999994.99
2026-01-26T18:05:07-05:00,01738589-0edf-4b72-98fe-b41ebb73f433,DUO585405,1001203.89,999994.99,0.00,0.00,-5.01,999994.99,3999979.96,999994.99
2026-01-26T18:10:03-05:00,4aec4c43-2d90-4ee1-a187-73053675f892,DUO585405,1001203.89,999994.99,0.00,0.00,-5.01,999994.99,3999979.96,999994.99
2026-01-26T18:15:03-05:00,3e9e5e1f-c793-4490-9b7a-029d52cd8db7,DUO585405,1001203.89,999994.99,0.00,0.00,-5.01,999994.99,3999979.96,999994.99
2026-01-26T18:20:02-05:00,2842aa34-363e-4a71-8508-fb845dcdecaf,DUO585405,1001203.89,999994.99,0.00,0.00,-5.01,999994.99,3999979.96,999994.99
2026-01-26T18:25:02-05:00,6ba9f4cf-4784-47fc-8dd7-19e2931563d7,DUO585405,1001203.89,999994.99,0.00,0.00,-5.01,999994.99,3999979.96,999994.99
2026-01-26T18:30:02-05:00,c013858f-1db1-4d1d-843c-b8745590af8a,DUO585405,1001203.89,999994.99,0.00,0.00,-5.01,999994.99,3999979.96,999994.99
2026-01-26T18:35:02-05:00,34864c91-398b-4a68-a76c-a4191e661b8e,DUO585405,1001203.89,999994.99,0.00,0.00,-5.01,999994.99,3999979.96,999994.99
2026-01-26T19:00:46-05:00,e5596271-6285-40dc-acd5-e59ab0615596,DUO585405,1001203.89,999994.99,0.00,0.00,-5.01,999994.99,3999979.96,999994.99
2026-01-26T19:05:05-05:00,e8f92dd8-6151-4b33-b005-a7d21e57bee3,DUO585405,1001203.89,999994.99,0.00,0.00,-5.01,999994.99,3999979.96,999994.99
2026-01-26T19:30:02-05:00,abb465b2-f891-4d4d-a2cd-39609e0bc9c3,DUO585405,1001203.89,999994.99,0.00,0.00,-5.01,999994.99,3999979.96,999994.99
2026-01-26T20:15:11-05:00,d6e19a56-d6cb-45c4-9fb4-013351f37453,DUO585405,1001203.89,999994.99,0.00,0.00,-5.01,999994.99,3999979.96,999994.99
2026-01-26T20:30:02-05:00,cda23e26-77cd-4489-a0b0-79edc8dfe055,DUO585405,1001203.89,999994.99,0.00,0.00,-5.01,999994.99,3999979.96,999994.99
2026-01-26T20:48:42-05:00,849ea716-e986-4c21-ade0-635de8467059,DUO585405,1001203.89,999994.99,0.00,0.00,-5.01,999994.99,3999979.96,999994.99
2026-01-26T20:54:56-05:00,505cc6d4-ef30-4aac-9c48-4a4b29a5456d,DUO585405,1001203.89,999994.99,0.00,0.00,-5.01,999994.99,3999979.96,999994.99
2026-01-26T21:00:02-05:00,62a1274a-4f0c-443b-9638-e86b305b6b18,DUO585405,1001203.89,999994.99,0.00,0.00,-5.01,999994.99,3999979.96,999994.99
2026-01-26T21:30:06-05:00,ba050aa5-88d7-4360-aab7-3d3d29495772,DUO585405,1001203.89,999994.99,0.00,0.00,-5.01,999994.99,3999979.96,999994.99
2026-01-26T22:00:02-05:00,8311a5d0-aebd-4db8-ac0f-183b8eb462c5,DUO585405,1001203.89,999994.99,0.00,0.00,-5.01,999994.99,3999979.96,999994.99
2026-01-27T08:29:41-05:00,9fcb3f0e-7062-4eaf-83eb-5f4472c8ead1,DUO585405,1001462.88,999994.99,0.00,0.00,0.00,999994.99,3999979.96,999994.99
2026-01-27T08:30:02-05:00,c6d33bf1-ad9f-46a9-84d8-b1d29b95e3ca,DUO585405,1001462.88,999994.99,0.00,0.00,0.00,999994.99,3999979.96,999994.99
2026-01-27T08:35:02-05:00,8190f4ef-ae03-4809-81c5-528a592f08de,DUO585405,1001462.88,999994.99,0.00,0.00,0.00,999994.99,3999979.96,999994.99
2026-01-27T08:40:02-05:00,c1ebd57f-1fe4-4bd8-b92b-f88f0d59e750,DUO585405,1001462.88,999994.99,0.00,0.00,0.00,999994.99,3999979.96,999994.99
2026-01-27T08:45:02-05:00,53b54eaa-1b4d-481d-b767-09bf0ac276d8,DUO585405,1001462.88,999994.99,0.00,0.00,0.00,999994.99,3999979.96,999994.99
2026-01-27T08:50:02-05:00,38f2fdac-8b15-46fc-a475-1ef8d02eb879,DUO585405,1001462.88,999994.99,0.00,0.00,0.00,999994.99,3999979.96,999994.99
2026-01-27T08:55:02-05:00,4982abcb-d070-4f2b-88a0-2e09ee89b309,DUO585405,1001462.88,999994.99,0.00,0.00,0.00,999994.99,3999979.96,999994.99
2026-01-27T09:00:02-05:00,cc4f5912-ba5e-480e-9b49-820e7179c49a,DUO585405,1001462.88,999994.99,0.00,0.00,0.00,999994.99,3999979.96,999994.99
2026-01-27T09:05:02-05:00,ea0e10a4-a6a0-4cf6-997b-2e7cf82110dd,DUO585405,1001462.88,999994.99,0.00,0.00,0.00,999994.99,3999979.96,999994.99
2026-01-27T09:19:40-05:00,8e1bca01-3de3-4a2e-86ae-65ce9fac5a00,DUO585405,1001462.88,999994.99,0.00,0.00,0.00,999994.99,3999979.96,999994.99
2026-01-27T09:20:02-05:00,9bfe4888-6cff-4cce-bf69-156b5768a3f5,DUO585405,1001462.88,999994.99,0.00,0.00,0.00,999994.99,3999979.96,999994.99
2026-01-27T09:25:02-05:00,6cf0c407-c88c-44b1-ac18-a4fdc73b23da,DUO585405,1001462.88,999994.99,0.00,0.00,0.00,999994.99,3999979.96,999994.99
2026-01-27T09:30:05-05:00,a491e5f3-cdbf-46f0-8e06-803cac55d453,DUO585405,1001462.88,999994.99,0.00,0.00,0.00,999994.99,3999979.96,999994.99
2026-01-27T09:35:02-05:00,8f624af4-8613-4d4f-bd12-6f34e434d46a,DUO585405,1001462.88,999994.99,0.00,0.00,0.00,999994.99,3999979.96,999994.99
2026-01-27T09:40:02-05:00,b0266fc1-4900-4992-a089-84407d0a6bf5,DUO585405,1001462.88,999994.99,0.00,0.00,0.00,999994.99,3999979.96,999994.99
2026-01-27T09:45:02-05:00,2e246efe-498f-4428-ae13-2b475632dc7c,DUO585405,1001462.88,999994.99,0.00,0.00,0.00,999994.99,3999979.96,999994.99
2026-01-27T10:16:25-05:00,2493f114-af52-4c05-8f55-47ef3972af5a,DUO585405,1001462.88,999994.99,0.00,0.00,0.00,999994.99,3999979.96,999994.99
2026-01-27T10:20:02-05:00,feca2405-ecb0-4fbb-a669-7f9171479bb6,DUO585405,1001462.88,999994.99,0.00,0.00,0.00,999994.99,3999979.96,999994.99
2026-01-27T10:25:02-05:00,f8470d20-3f01-49b9-9695-941f751a8e49,DUO585405,1001462.88,999994.99,0.00,0.00,0.00,999994.99,3999979.96,999994.99
2026-01-27T10:30:02-05:00,9aa807b1-253d-48a5-bf71-0d5cfacb52fc,DUO585405,1001462.88,999994.99,0.00,0.00,0.00,999994.99,3999979.96,999994.99
2026-01-27T11:48:22-05:00,36a5f9da-8900-46bf-bbf0-8034cb759e2f,DUO585405,1001462.88,999994.99,0.00,0.00,0.00,999994.99,3999979.96,999994.99
2026-01-27T11:50:02-05:00,83a6230c-f16c-406e-857b-8fc6aec47cb1,DUO585405,1001462.88,999994.99,0.00,0.00,0.00,999994.99,3999979.96,999994.99
2026-01-27T11:55:02-05:00,e24b89bc-d84d-43b4-912f-60a71ebf9ae7,DUO585405,1001462.88,999994.99,0.00,0.00,0.00,999994.99,3999979.96,999994.99
2026-01-27T12:00:02-05:00,295a9f36-99a8-48bc-b0df-011659411c95,DUO585405,1001462.88,999994.99,0.00,0.00,0.00,999994.99,3999979.96,999994.99
2026-01-27T12:16:03-05:00,91f9efb7-4c9b-4861-82f0-956829baab7d,DUO585405,1001462.88,999994.99,0.00,0.00,0.00,999994.99,3999979.96,999994.99
2026-01-27T12:20:02-05:00,4d731d35-34ac-4d0e-b4ab-1205d81cae0d,DUO585405,1001462.88,999994.99,0.00,0.00,0.00,999994.99,3999979.96,999994.99
2026-01-27T12:25:02-05:00,884f83df-2e6f-4f26-b96b-6a34badff0d5,DUO585405,1001462.88,999994.99,0.00,0.00,0.00,999994.99,3999979.96,999994.99
2026-01-27T12:30:02-05:00,3868e190-2c2c-4e5c-a246-020df3836910,DUO585405,1001462.88,999994.99,0.00,0.00,0.00,999994.99,3999979.96,999994.99
2026-01-27T12:35:02-05:00,6db73ddc-9a3e-4313-83e0-1512fc48a010,DUO585405,1001462.88,999994.99,0.00,0.00,0.00,999994.99,3999979.96,999994.99
2026-01-27T12:40:02-05:00,4ed4e2c1-bd4a-4759-b71f-a9ae9c29bf9a,DUO585405,1001462.88,999994.99,0.00,0.00,0.00,999994.99,3999979.96,999994.99
2026-01-27T12:45:02-05:00,d196dcb0-cc40-4639-9c61-0c6e24b5d061,DUO585405,1001462.88,999994.99,0.00,0.00,0.00,999994.99,3999979.96,999994.99
2026-01-27T12:50:02-05:00,f7aa594e-9ade-4c3e-a9db-620a456b9bdc,DUO585405,1001462.88,999994.99,0.00,0.00,0.00,999994.99,3999979.96,999994.99
2026-01-27T12:55:02-05:00,1a86a046-e4a4-4bb0-8b7f-e94f3e144a14,DUO585405,1001462.88,999994.99,0.00,0.00,0.00,999994.99,3999979.96,999994.99
2026-01-27T13:50:13-05:00,e8ee61ca-2db2-49ff-8fd6-b5be3ddc95fd,DUO585405,1001462.88,999994.99,0.00,0.00,0.00,999994.99,3999979.96,999994.99
2026-01-27T13:55:02-05:00,36841dc8-526b-4c96-b761-7716978daf0c,DUO585405,1001462.88,999994.99,0.00,0.00,0.00,999994.99,3999979.96,999994.99
2026-01-27T14:00:02-05:00,1a41e16b-4b64-4eef-8c80-e0aa0f8cc408,DUO585405,1001462.88,999994.99,0.00,0.00,0.00,999994.99,3999979.96,999994.99
2026-01-27T14:05:02-05:00,27ded192-c6ac-4197-b5e1-b4762154f250,DUO585405,1001462.88,999994.99,0.00,0.00,0.00,999994.99,3999979.96,999994.99
2026-01-27T14:10:02-05:00,dd641943-2699-4550-8b50-e05eee11586b,DUO585405,1001462.88,999994.99,0.00,0.00,0.00,999994.99,3999979.96,999994.99
2026-01-27T14:15:02-05:00,2ca70a3f-2c0d-4d31-89ea-f1af425e0e93,DUO585405,1001462.88,999994.99,0.00,0.00,0.00,999994.99,3999979.96,999994.99
2026-01-27T14:20:02-05:00,90a5eed4-41e2-4955-8890-89d70f2f81da,DUO585405,1001462.88,999994.99,0.00,0.00,0.00,999994.99,3999979.96,999994.99
2026-01-27T14:25:02-05:00,5b978b1d-e698-4cb9-b728-f06414951641,DUO585405,1001462.88,999994.99,0.00,0.00,0.00,999994.99,3999979.96,999994.99
2026-01-27T14:30:02-05:00,823109ac-4047-4c08-8312-01cea632e135,DUO585405,1001462.88,999994.99,0.00,0.00,0.00,999994.99,3999979.96,999994.99
2026-01-27T14:35:02-05:00,801bde4a-506d-4147-83d2-f5061a8b26f5,DUO585405,1001462.88,999994.99,0.00,0.00,0.00,999994.99,3999979.96,999994.99
2026-01-27T14:40:02-05:00,ef9f365a-3c79-4bb5-a207-2e658641ab7f,DUO585405,1001462.88,999994.99,0.00,0.00,0.00,999994.99,3999979.96,999994.99
2026-01-27T14:45:02-05:00,6d08f10b-39a0-41d3-bf2b-80510920c1f2,DUO585405,1001462.88,999994.99,0.00,0.00,0.00,999994.99,3999979.96,999994.99
2026-01-27T14:50:02-05:00,fcd8edb1-6bde-4cd8-b211-19447f07c039,DUO585405,1001462.88,999994.99,0.00,0.00,0.00,999994.99,3999979.96,999994.99
2026-01-27T14:55:02-05:00,3b94855b-f22d-4d33-960b-6bd5e8c8e899,DUO585405,1001462.88,999994.99,0.00,0.00,0.00,999994.99,3999979.96,999994.99
2026-01-27T15:00:02-05:00,52535800-771e-4d08-bc90-b6996f748e1b,DUO585405,1001462.88,999994.99,0.00,0.00,0.00,999994.99,3999979.96,999994.99
2026-01-27T15:05:02-05:00,bebaee20-2a82-4fb6-8927-4ec49814f27b,DUO585405,1001462.88,999994.99,0.00,0.00,0.00,999994.99,3999979.96,999994.99
2026-01-27T15:10:03-05:00,6197ab78-5817-499d-a965-0d1824271e56,DUO585405,1001462.88,999994.99,0.00,0.00,0.00,999994.99,3999979.96,999994.99
2026-01-27T15:15:02-05:00,5b91dbe8-ac3a-41eb-a153-726fb7536ff4,DUO585405,1001462.88,999994.99,0.00,0.00,0.00,999994.99,3999979.96,999994.99
2026-01-27T15:20:02-05:00,2d8cc7ca-4101-4812-abc7-98d33ebd49bf,DUO585405,1001462.88,999994.99,0.00,0.00,0.00,999994.99,3999979.96,999994.99
2026-01-27T15:25:02-05:00,5e8e8c1c-7df2-4ec7-8f90-720166e95e96,DUO585405,1001462.88,999994.99,0.00,0.00,0.00,999994.99,3999979.96,999994.99
2026-01-27T15:30:02-05:00,deece3a8-7ebf-4724-9442-bb23a2a6bc27,DUO585405,1001462.88,999994.99,0.00,0.00,0.00,999994.99,3999979.96,999994.99
2026-01-27T15:35:02-05:00,6935abcc-8080-4d4a-a8d8-2b0f89483196,DUO585405,1001462.88,999994.99,0.00,0.00,0.00,999994.99,3999979.96,999994.99
2026-01-27T15:40:02-05:00,c1c04d39-be96-4289-a2a1-e98be98de4c6,DUO585405,1001462.88,999994.99,0.00,0.00,0.00,999994.99,3999979.96,999994.99
2026-01-27T15:45:02-05:00,aa56d072-c0a1-4237-a440-f39f0ce327d5,DUO585405,1001462.88,999994.99,0.00,0.00,0.00,999994.99,3999979.96,999994.99
2026-01-27T15:50:02-05:00,0c182604-e642-4768-9c37-bbc5b781edb1,DUO585405,1001462.88,999994.99,0.00,0.00,0.00,999994.99,3999979.96,999994.99
2026-01-27T15:55:02-05:00,1f348824-9065-4ed2-86f9-6650289e11a3,DUO585405,1001462.88,999994.99,0.00,0.00,0.00,999994.99,3999979.96,999994.99
2026-01-27T16:00:02-05:00,e2cbcffa-85da-419b-9487-2665c9848420,DUO585405,1001462.88,999994.99,0.00,0.00,0.00,999994.99,3999979.96,999994.99
2026-01-27T16:05:02-05:00,100b2347-0a16-439a-a429-1dcd0592eaea,DUO585405,1001462.88,999994.99,0.00,0.00,0.00,999994.99,3999979.96,999994.99
2026-01-27T16:10:02-05:00,96a28e6c-ce91-413b-89fe-6a12e1218a3e,DUO585405,1001462.88,999994.99,0.00,0.00,0.00,999994.99,3999979.96,999994.99
2026-01-27T16:15:02-05:00,bb9ecb06-aff6-4a1c-a1a0-25640d7c6f37,DUO585405,1001462.88,999994.99,0.00,0.00,0.00,999994.99,3999979.96,999994.99
2026-01-27T16:20:02-05:00,c29eae3b-33bf-46dd-a2c3-decc2d73a586,DUO585405,1001462.88,999994.99,0.00,0.00,0.00,999994.99,3999979.96,999994.99
2026-01-27T16:25:02-05:00,1dbe5660-c66a-4897-a428-1617af5955f0,DUO585405,1001462.88,999994.99,0.00,0.00,0.00,999994.99,3999979.96,999994.99
2026-01-27T16:30:02-05:00,0e6d7468-3f66-4bdf-b625-d0ff70613f8e,DUO585405,1001462.88,999994.99,0.00,0.00,0.00,999994.99,3999979.96,999994.99
2026-01-27T16:35:02-05:00,c2079eb9-0f71-49b8-847e-2a7490492be4,DUO585405,1001462.88,999994.99,0.00,0.00,0.00,999994.99,3999979.96,999994.99
2026-01-27T16:40:02-05:00,8400afee-363d-4aa5-82b9-d8874fb7c074,DUO585405,1001462.88,999994.99,0.00,0.00,0.00,999994.99,3999979.96,999994.99
2026-01-27T16:45:02-05:00,221380a9-a7da-43bb-9799-943659caa151,DUO585405,1001462.88,999994.99,0.00,0.00,0.00,999994.99,3999979.96,999994.99
2026-01-27T16:50:02-05:00,bafe6f94-f7c8-41c7-a07a-94058437bf7d,DUO585405,1001462.88,999994.99,0.00,0.00,0.00,999994.99,3999979.96,999994.99
2026-01-27T16:55:02-05:00,395c4ffa-34b3-465c-ac0b-b687e636d10c,DUO585405,1001462.88,999994.99,0.00,0.00,0.00,999994.99,3999979.96,999994.99
2026-01-27T17:00:02-05:00,261a6ae2-8e66-48bc-aaf0-571e68fd6a89,DUO585405,1001462.88,999994.99,0.00,0.00,0.00,999994.99,3999979.96,999994.99
2026-01-27T17:05:02-05:00,c99677d7-e908-4fff-a30e-94f596f88250,DUO585405,1001462.88,999994.99,0.00,0.00,0.00,999994.99,3999979.96,999994.99
2026-01-27T17:10:02-05:00,39e5b5af-8824-48a6-8b8c-f1a963636756,DUO585405,1001462.88,999994.99,0.00,0.00,0.00,999994.99,3999979.96,999994.99
2026-01-27T17:15:02-05:00,fac98984-8a56-4a36-95c8-bbd9d50b9fb2,DUO585405,1001462.88,999994.99,0.00,0.00,0.00,999994.99,3999979.96,999994.99
2026-01-27T17:20:02-05:00,9b3705d8-1597-43b4-b3e1-c3c7fa8b0064,DUO585405,1001462.88,999994.99,0.00,0.00,0.00,999994.99,3999979.96,999994.99
2026-01-27T17:25:02-05:00,c2f044c2-d12a-4468-b6d0-e30601585bef,DUO585405,1001462.88,999994.99,0.00,0.00,0.00,999994.99,3999979.96,999994.99
2026-01-27T17:30:02-05:00,75472384-28d4-46f1-9a0e-ca25cc1220fe,DUO585405,1001462.88,999994.99,0.00,0.00,0.00,999994.99,3999979.96,999994.99
2026-01-27T17:35:02-05:00,e8b00afd-6414-4b7a-a9be-f1f93a9226b3,DUO585405,1001462.88,999994.99,0.00,0.00,0.00,999994.99,3999979.96,999994.99
2026-01-27T17:40:02-05:00,03b7e853-202e-4be1-a87a-813de09d44f5,DUO585405,1001462.88,999994.99,0.00,0.00,0.00,999994.99,3999979.96,999994.99
2026-01-27T17:45:02-05:00,3b2d8e8e-e0e4-45ad-9c11-bc840d2d11de,DUO585405,1001462.88,999994.99,0.00,0.00,0.00,999994.99,3999979.96,999994.99
2026-01-27T17:50:02-05:00,450ace24-a418-4a87-8af3-58e912f84839,DUO585405,1001462.88,999994.99,0.00,0.00,0.00,999994.99,3999979.96,999994.99
2026-01-27T17:55:05-05:00,662f7490-f31e-462d-a4f4-4919b2ba3029,DUO585405,1001462.88,999994.99,0.00,0.00,0.00,999994.99,3999979.96,999994.99
2026-01-27T18:00:02-05:00,6f292be3-580c-402a-9457-5d33a1c08de7,DUO585405,1001462.88,999994.99,0.00,0.00,0.00,999994.99,3999979.96,999994.99
2026-01-27T18:05:02-05:00,483eee66-5842-479b-935d-a0105dc10690,DUO585405,1001462.88,999994.99,0.00,0.00,0.00,999994.99,3999979.96,999994.99
2026-01-27T18:10:02-05:00,db488331-b73c-4706-96bb-3a48f49d96ae,DUO585405,1001462.88,999994.99,0.00,0.00,0.00,999994.99,3999979.96,999994.99
2026-01-27T18:15:02-05:00,9566a6b4-91cc-4670-bacf-6be228dbeb1b,DUO585405,1001462.88,999994.99,0.00,0.00,0.00,999994.99,3999979.96,999994.99
2026-01-27T18:20:02-05:00,e89ef6be-8871-4d11-8296-8709cca2889f,DUO585405,1001462.88,999994.99,0.00,0.00,0.00,999994.99,3999979.96,999994.99
2026-01-27T18:25:02-05:00,8354eb12-c8c8-41dc-94e2-ef0d5c24acfa,DUO585405,1001462.88,999994.99,0.00,0.00,0.00,999994.99,3999979.96,999994.99
2026-01-27T18:30:02-05:00,3a6783cb-27c0-47a4-8df1-2a96e554199f,DUO585405,1001462.88,999994.99,0.00,0.00,0.00,999994.99,3999979.96,999994.99
2026-01-27T18:35:02-05:00,62e4b649-c47f-40a4-b782-587aa4257c3a,DUO585405,1001462.88,999994.99,0.00,0.00,0.00,999994.99,3999979.96,999994.99
2026-01-27T18:40:02-05:00,85ec3225-9ea9-4833-833b-c906f7054a1f,DUO585405,1001462.88,999994.99,0.00,0.00,0.00,999994.99,3999979.96,999994.99
2026-01-27T18:45:02-05:00,a0f06bdb-b46b-49cc-8a1a-c2be7df0b08a,DUO585405,1001462.88,999994.99,0.00,0.00,0.00,999994.99,3999979.96,999994.99
2026-01-27T18:50:02-05:00,27877d56-8293-4a22-8d71-eff17dc69919,DUO585405,1001462.88,999994.99,0.00,0.00,0.00,999994.99,3999979.96,999994.99
2026-01-27T18:55:02-05:00,9ce40c3c-9a49-47d8-bbd5-9130c548e6b0,DUO585405,1001462.88,999994.99,0.00,0.00,0.00,999994.99,3999979.96,999994.99
2026-01-27T19:00:02-05:00,e8117c59-b14e-4cf4-9c22-88106fa0b3ec,DUO585405,1001462.88,999994.99,0.00,0.00,0.00,999994.99,3999979.96,999994.99
2026-01-27T19:05:02-05:00,5f25fb1c-07be-4b42-a3aa-1a90fc10d0da,DUO585405,1001462.88,999994.99,0.00,0.00,0.00,999994.99,3999979.96,999994.99
2026-01-27T19:10:02-05:00,01333022-4cd3-4de5-a45e-73694b5d2195,DUO585405,1001462.88,999994.99,0.00,0.00,0.00,999994.99,3999979.96,999994.99
2026-01-27T19:15:02-05:00,bbd96eeb-e8f6-4c2c-8681-19f53676c1c2,DUO585405,1001462.88,999994.99,0.00,0.00,0.00,999994.99,3999979.96,999994.99
2026-01-27T19:20:02-05:00,4320353e-4017-43ae-983f-ff9f6007b84f,DUO585405,1001462.88,999994.99,0.00,0.00,0.00,999994.99,3999979.96,999994.99
2026-01-27T19:25:02-05:00,1916996d-ce49-4231-820e-c90123c5cff8,DUO585405,1001462.88,999994.99,0.00,0.00,0.00,999994.99,3999979.96,999994.99
2026-01-27T19:30:02-05:00,9f921bd3-ba42-497a-8762-cd46e68da1e7,DUO585405,1001462.88,999994.99,0.00,0.00,0.00,999994.99,3999979.96,999994.99
2026-01-27T19:35:02-05:00,ef71f11d-3190-4636-b613-3ca6b810490a,DUO585405,1001462.88,999994.99,0.00,0.00,0.00,999994.99,3999979.96,999994.99
2026-01-27T19:40:02-05:00,aff4d4dc-d59b-4ba6-a927-a297d71884b5,DUO585405,1001462.88,999994.99,0.00,0.00,0.00,999994.99,3999979.96,999994.99
2026-01-27T19:45:02-05:00,eeed2ea3-22d3-4e69-9609-33ba7e0e1515,DUO585405,1001462.88,999994.99,0.00,0.00,0.00,999994.99,3999979.96,999994.99
2026-01-27T19:50:02-05:00,18c81514-baf4-45a3-a997-3c920fe566b8,DUO585405,1001462.88,999994.99,0.00,0.00,0.00,999994.99,3999979.96,999994.99
2026-01-27T19:55:02-05:00,460ee879-a9d4-4595-a491-584809dbbdf2,DUO585405,1001462.88,999994.99,0.00,0.00,0.00,999994.99,3999979.96,999994.99
2026-01-27T20:00:02-05:00,804812d9-7083-4427-b7ad-7cc3b16a60f0,DUO585405,1001462.88,999994.99,0.00,0.00,0.00,999994.99,3999979.96,999994.99
2026-01-27T20:05:02-05:00,7f868a0b-d3b0-424d-a566-c6fb7b8d2cfe,DUO585405,1001462.88,999994.99,0.00,0.00,0.00,999994.99,3999979.96,999994.99
2026-01-27T20:10:02-05:00,476ffbfc-cde1-4138-ab4d-55b0d18ca997,DUO585405,1001462.88,999994.99,0.00,0.00,0.00,999994.99,3999979.96,999994.99
2026-01-27T20:30:02-05:00,0bfe2e9c-c80a-4b97-899d-b9c10d6bb26e,DUO585405,1001462.88,999994.99,0.00,0.00,0.00,999994.99,3999979.96,999994.99
2026-01-27T21:00:02-05:00,1bbb300f-56a9-4272-a316-6fa8bf61951f,DUO585405,1001462.88,999994.99,0.00,0.00,0.00,999994.99,3999979.96,999994.99
2026-01-27T21:30:02-05:00,a6ac648e-c5a2-4d58-a163-860ba4511f2f,DUO585405,1001462.88,999994.99,0.00,0.00,0.00,999994.99,3999979.96,999994.99
2026-01-27T22:00:06-05:00,23de9193-a186-4fa8-931e-6d88e41e8830,DUO585405,1001462.88,999994.99,0.00,0.00,0.00,999994.99,3999979.96,999994.99
2026-01-27T22:30:02-05:00,8eb6d486-00cc-414b-8d80-ae7ab81f3148,DUO585405,1001462.88,999994.99,0.00,0.00,0.00,999994.99,3999979.96,999994.99
2026-01-27T23:00:02-05:00,48d7c0ab-9e23-4aea-8f7c-7e3bfeb492f5,DUO585405,1001549.21,999994.99,0.00,0.00,0.00,999994.99,3999979.96,999994.99
2026-01-27T23:30:02-05:00,b5ae4c18-fa73-4417-98af-154da406e239,DUO585405,1001549.21,999994.99,0.00,0.00,0.00,999994.99,3999979.96,999994.99
2026-01-28T00:00:02-05:00,4cf0200b-3cef-460f-9e48-9161cdddb849,DUO585405,1001549.21,999994.99,0.00,0.00,0.00,999994.99,3999979.96,999994.99
2026-01-28T00:30:02-05:00,ecb51b84-6b0d-4821-92ce-f551a403a8c7,DUO585405,1001549.21,999994.99,0.00,0.00,0.00,999994.99,3999979.96,999994.99
2026-01-28T08:29:52-05:00,31ea0fe9-0f92-4767-a40e-968949d59b9a,DUO585405,1001549.21,999994.99,0.00,0.00,0.00,999994.99,3999979.96,999994.99
2026-01-28T08:30:01-05:00,99121c75-ec0c-40fd-94d9-979c10aa2fea,DUO585405,1001549.21,999994.99,0.00,0.00,0.00,999994.99,3999979.96,999994.99
2026-01-28T08:35:02-05:00,4c638fbe-bf5b-48c5-a5f0-6e361386e35f,DUO585405,1001549.21,999994.99,0.00,0.00,0.00,999994.99,3999979.96,999994.99
2026-01-28T08:40:02-05:00,a4574b74-db11-4db0-abfb-19b190a7551e,DUO585405,1001549.21,999994.99,0.00,0.00,0.00,999994.99,3999979.96,999994.99
2026-01-28T08:45:02-05:00,62c2b218-3250-4d6f-b8a1-4c90eacd303c,DUO585405,1001549.21,999994.99,0.00,0.00,0.00,999994.99,3999979.96,999994.99
2026-01-28T09:19:39-05:00,bbfa153d-5d15-46af-a5e2-649dc77724ae,DUO585405,1001549.21,999994.99,0.00,0.00,0.00,999994.99,3999979.96,999994.99
2026-01-28T09:20:02-05:00,fd5573ac-6c9f-4cc3-9f31-b408a0c3a9a6,DUO585405,1001549.21,999994.99,0.00,0.00,0.00,999994.99,3999979.96,999994.99
2026-01-28T09:25:02-05:00,256ded92-4825-46d5-af3d-1979aadeb4c8,DUO585405,1001549.21,999994.99,0.00,0.00,0.00,999994.99,3999979.96,999994.99
2026-01-28T09:30:02-05:00,42fedcd7-cdbe-4bf0-861e-f82f488b8fb4,DUO585405,1001549.21,999994.99,0.00,0.00,0.00,999994.99,3999979.96,999994.99
2026-01-28T12:58:05-05:00,c7a49079-6e5b-49d1-83dd-135c4d2820e2,DUO585405,1001549.21,999994.99,0.00,0.00,0.00,999994.99,3999979.96,999994.99
2026-01-28T13:00:02-05:00,4291267f-ae8e-4bd5-9f88-db09298a7cb2,DUO585405,1001549.21,999994.99,0.00,0.00,0.00,999994.99,3999979.96,999994.99
2026-01-28T13:05:02-05:00,813322ab-1e36-48cc-8768-f3db09bb31e5,DUO585405,1001549.21,999994.99,0.00,0.00,0.00,999994.99,3999979.96,999994.99
2026-01-28T13:10:02-05:00,fe950333-ef05-42df-a8ef-9282d0648b89,DUO585405,1001549.21,999994.99,0.00,0.00,0.00,999994.99,3999979.96,999994.99
2026-01-28T13:15:02-05:00,ba6d0b64-aa23-4d7a-beaf-cc124634c7da,DUO585405,1001549.21,999994.99,0.00,0.00,0.00,999994.99,3999979.96,999994.99
2026-01-28T13:20:02-05:00,2c67cde6-ca2e-40c5-8abe-017cf5b664d8,DUO585405,1001549.21,999994.99,0.00,0.00,0.00,999994.99,3999979.96,999994.99
2026-01-28T14:02:29-05:00,972837bd-52d7-4545-a129-c9d9c61f9eaf,DUO585405,1001549.21,999994.99,0.00,0.00,0.00,999994.99,3999979.96,999994.99
2026-01-28T14:05:02-05:00,986f5190-f96a-4783-b0c8-dfbc49d3e54f,DUO585405,1001549.21,999994.99,0.00,0.00,0.00,999994.99,3999979.96,999994.99
2026-01-28T14:10:02-05:00,591ad1ec-c20f-4d1a-820d-4aa70a676234,DUO585405,1001549.21,999994.99,0.00,0.00,0.00,999994.99,3999979.96,999994.99
2026-01-28T14:15:02-05:00,25ae98ad-e6ef-432b-ac19-a9e40dad30bd,DUO585405,1001549.21,999994.99,0.00,0.00,0.00,999994.99,3999979.96,999994.99
2026-01-28T14:20:02-05:00,cdac2965-8e65-43a0-b2e2-8fdb69f329f3,DUO585405,1001549.21,999994.99,0.00,0.00,0.00,999994.99,3999979.96,999994.99
2026-01-28T14:25:02-05:00,643a9010-0551-4d8d-92ca-c223c2ea9294,DUO585405,1001549.21,999994.99,0.00,0.00,0.00,999994.99,3999979.96,999994.99
2026-01-28T14:30:02-05:00,9641a697-8077-4485-a5f3-5c35319ae952,DUO585405,1001549.21,999994.99,0.00,0.00,0.00,999994.99,3999979.96,999994.99
2026-01-28T14:35:02-05:00,0c4ba066-7452-4935-9807-47d6b08755fb,DUO585405,1001549.21,999994.99,0.00,0.00,0.00,999994.99,3999979.96,999994.99
2026-01-28T14:40:02-05:00,21970145-1b35-40a4-a5ec-70688572d6e1,DUO585405,1001549.21,999994.99,0.00,0.00,0.00,999994.99,3999979.96,999994.99
2026-01-28T17:07:34-05:00,a25acfe6-e078-4ebb-b1be-710c82c6b333,DUO585405,1001549.21,999994.99,0.00,0.00,0.00,999994.99,3999979.96,999994.99
2026-01-28T17:10:02-05:00,15d23b72-7328-4718-bec8-7d0bdfed186b,DUO585405,1001549.21,999994.99,0.00,0.00,0.00,999994.99,3999979.96,999994.99
2026-01-28T17:15:02-05:00,50f75b43-5bc8-4676-ad87-3b722e9c0430,DUO585405,1001549.21,999994.99,0.00,0.00,0.00,999994.99,3999979.96,999994.99
2026-01-28T17:20:02-05:00,d00433c0-e497-4658-8f49-10828ed98431,DUO585405,1001549.21,999994.99,0.00,0.00,0.00,999994.99,3999979.96,999994.99
2026-01-28T17:25:02-05:00,23987af6-4d13-4f21-83b5-7230cb4a8fa0,DUO585405,1001549.21,999994.99,0.00,0.00,0.00,999994.99,3999979.96,999994.99
2026-01-28T17:30:02-05:00,1721b1da-000b-4f5e-830e-c99e587d890e,DUO585405,1001549.21,999994.99,0.00,0.00,0.00,999994.99,3999979.96,999994.99
2026-01-28T17:35:02-05:00,3391f6ce-b86d-40bd-834e-1d04693ad14d,DUO585405,1001549.21,999994.99,0.00,0.00,0.00,999994.99,3999979.96,999994.99
2026-01-28T17:40:02-05:00,ca6a8f61-4c84-49dd-91f6-c60d1cbca49e,DUO585405,1001549.21,999994.99,0.00,0.00,0.00,999994.99,3999979.96,999994.99
2026-01-28T17:45:02-05:00,627fb096-263e-4bd8-a391-64ef1b691b1f,DUO585405,1001549.21,999994.99,0.00,0.00,0.00,999994.99,3999979.96,999994.99
2026-01-28T17:50:02-05:00,e927eacb-fc68-43b3-89f7-f89e7df21449,DUO585405,1001549.21,999994.99,0.00,0.00,0.00,999994.99,3999979.96,999994.99
2026-01-28T17:55:02-05:00,a42f9e9e-709f-425d-969f-14f93ae28839,DUO585405,1001549.21,999994.99,0.00,0.00,0.00,999994.99,3999979.96,999994.99
2026-01-28T18:00:02-05:00,9b394e3f-65ec-45ba-a3d3-76bf89711059,DUO585405,1001549.21,999994.99,0.00,0.00,0.00,999994.99,3999979.96,999994.99
2026-01-28T18:05:02-05:00,6f277e04-bdfc-40d7-b4db-efa1aa65fdd4,DUO585405,1001549.21,999994.99,0.00,0.00,0.00,999994.99,3999979.96,999994.99
2026-01-28T18:10:02-05:00,86a7c9e0-0a76-4d3d-943a-7228c4467d85,DUO585405,1001549.21,999994.99,0.00,0.00,0.00,999994.99,3999979.96,999994.99
2026-01-28T18:15:02-05:00,4c6f6d37-cf08-4a22-9474-2340cee91c24,DUO585405,1001549.21,999994.99,0.00,0.00,0.00,999994.99,3999979.96,999994.99
2026-01-28T18:20:02-05:00,71c38a04-4dc7-42f1-8eec-4c6501dea8a9,DUO585405,1001549.21,999994.99,0.00,0.00,0.00,999994.99,3999979.96,999994.99
2026-01-28T18:25:05-05:00,ee9e7a06-5a87-4974-ae05-1da86a77fc69,DUO585405,1001549.21,999994.99,0.00,0.00,0.00,999994.99,3999979.96,999994.99
2026-01-28T18:30:02-05:00,5dce4114-a313-4d6b-8d0e-858bf34dec58,DUO585405,1001549.21,999994.99,0.00,0.00,0.00,999994.99,3999979.96,999994.99
2026-01-28T18:35:02-05:00,1a1efc79-be28-4304-b79c-6dc9f005cc73,DUO585405,1001549.21,999994.99,0.00,0.00,0.00,999994.99,3999979.96,999994.99
2026-01-28T18:40:02-05:00,94e59ede-cbcc-48c5-abd2-757d0165c592,DUO585405,1001549.21,999994.99,0.00,0.00,0.00,999994.99,3999979.96,999994.99
2026-01-28T18:45:02-05:00,edc17946-b63e-4aa2-a40c-7c5b45884860,DUO585405,1001549.21,999994.99,0.00,0.00,0.00,999994.99,3999979.96,999994.99
2026-01-28T19:38:17-05:00,2515b56c-f027-4b47-991b-0d46d7dfce86,DUO585405,1001549.21,999994.99,0.00,0.00,0.00,999994.99,3999979.96,999994.99
2026-01-28T19:40:02-05:00,bbbde39e-3dff-4b99-9f9e-a577d063e122,DUO585405,1001549.21,999994.99,0.00,0.00,0.00,999994.99,3999979.96,999994.99
2026-01-28T19:45:02-05:00,271308b0-3770-44d0-be6d-8fc258f29800,DUO585405,1001549.21,999994.99,0.00,0.00,0.00,999994.99,3999979.96,999994.99
2026-01-28T19:50:02-05:00,d39def6a-b693-486a-a999-19b8b7f80a99,DUO585405,1001549.21,999994.99,0.00,0.00,0.00,999994.99,3999979.96,999994.99
2026-01-28T19:55:02-05:00,9aad7739-0552-49dd-896f-f722b0c333ca,DUO585405,1001549.21,999994.99,0.00,0.00,0.00,999994.99,3999979.96,999994.99
2026-01-28T20:00:02-05:00,368a3184-e375-47be-b151-0ca1648c8404,DUO585405,1001549.21,999994.99,0.00,0.00,0.00,999994.99,3999979.96,999994.99
2026-01-28T20:05:02-05:00,bcb220c0-c793-4b98-a2ab-109ab2b2dc49,DUO585405,1001549.21,999994.99,0.00,0.00,0.00,999994.99,3999979.96,999994.99
2026-01-28T20:10:02-05:00,79a7116a-bce5-41eb-8976-51b95fc18196,DUO585405,1001549.21,999994.99,0.00,0.00,0.00,999994.99,3999979.96,999994.99
2026-01-28T20:22:43-05:00,b4738e3a-76e2-433e-a3f1-f9539f918ccb,DUO585405,1001549.21,999994.99,0.00,0.00,0.00,999994.99,3999979.96,999994.99
2026-01-28T20:25:02-05:00,3992a3c4-3994-4520-b2aa-248e6814bea4,DUO585405,1001549.21,999994.99,0.00,0.00,0.00,999994.99,3999979.96,999994.99
2026-01-28T20:30:02-05:00,f0cb8d9f-f033-4509-baf7-e276fb364592,DUO585405,1001549.21,999994.99,0.00,0.00,0.00,999994.99,3999979.96,999994.99
2026-01-28T20:35:02-05:00,43c2b21e-6574-4dd2-ac9c-d789c0e25279,DUO585405,1001549.21,999994.99,0.00,0.00,0.00,999994.99,3999979.96,999994.99
2026-01-28T20:40:02-05:00,bf8d02a8-44b5-4b15-8f32-d12d19a21ca5,DUO585405,1001549.21,999994.99,0.00,0.00,0.00,999994.99,3999979.96,999994.99
2026-01-28T20:45:02-05:00,ad8bdb48-4f6e-4e81-9e69-b5381ecfd575,DUO585405,1001549.21,999994.99,0.00,0.00,0.00,999994.99,3999979.96,999994.99
2026-01-28T20:50:02-05:00,38b9ec70-ed73-4549-9b5a-9bb15342283e,DUO585405,1001549.21,999994.99,0.00,0.00,0.00,999994.99,3999979.96,999994.99
2026-01-28T20:55:02-05:00,1543232f-6334-4119-86f9-6cc381a559f4,DUO585405,1001549.21,999994.99,0.00,0.00,0.00,999994.99,3999979.96,999994.99
2026-01-28T21:00:02-05:00,8fb7d9e3-6a94-4ce3-92dc-7ed4f8ec8655,DUO585405,1001549.21,999994.99,0.00,0.00,0.00,999994.99,3999979.96,999994.99
2026-01-28T21:05:02-05:00,d9431c24-9163-4836-a4cc-260e071f14ec,DUO585405,1001549.21,999994.99,0.00,0.00,0.00,999994.99,3999979.96,999994.99
2026-01-28T21:10:02-05:00,b019dcba-f547-4eb8-a487-3f1c61cbe9f1,DUO585405,1001549.21,999994.99,0.00,0.00,0.00,999994.99,3999979.96,999994.99
2026-01-28T21:15:02-05:00,a4ad2290-de4e-43b0-b5d1-6f4036635380,DUO585405,1001549.21,999994.99,0.00,0.00,0.00,999994.99,3999979.96,999994.99
2026-01-28T22:15:26-05:00,a952800a-2e33-4850-92b0-89d8877a1b28,DUO585405,1001549.21,999994.99,0.00,0.00,0.00,999994.99,3999979.96,999994.99
2026-01-28T22:20:02-05:00,f898c064-0d49-452d-a218-aa00b5a55968,DUO585405,1001549.21,999994.99,0.00,0.00,0.00,999994.99,3999979.96,999994.99
2026-01-28T22:25:02-05:00,f025279e-a34d-47ad-89d2-e31332b7fc05,DUO585405,1001635.56,999994.99,0.00,0.00,0.00,999994.99,3999979.96,999994.99
2026-01-28T22:30:02-05:00,38e058f0-b8bd-41b5-a4ae-b9b2de32535f,DUO585405,1001635.56,999994.99,0.00,0.00,0.00,999994.99,3999979.96,999994.99
2026-01-28T22:35:02-05:00,5c1a612c-e215-4df9-ba74-5e46bdd126a9,DUO585405,1001635.56,999994.99,0.00,0.00,0.00,999994.99,3999979.96,999994.99
2026-01-28T22:40:02-05:00,9fd22494-b4de-46d9-adeb-72a03022cc3a,DUO585405,1001635.56,999994.99,0.00,0.00,0.00,999994.99,3999979.96,999994.99
2026-01-28T22:45:02-05:00,7794c4bc-5770-4f6a-b339-97da98478e69,DUO585405,1001635.56,999994.99,0.00,0.00,0.00,999994.99,3999979.96,999994.99
2026-01-28T22:50:02-05:00,8bffedde-69b9-41b0-942d-2e7ece218169,DUO585405,1001635.56,999994.99,0.00,0.00,0.00,999994.99,3999979.96,999994.99
2026-01-28T22:55:02-05:00,f128f3a3-8167-40d1-aac5-32b13512660f,DUO585405,1001635.56,999994.99,0.00,0.00,0.00,999994.99,3999979.96,999994.99
2026-01-28T23:00:02-05:00,3c15a3aa-f685-4cc6-bb35-c16eb81a7263,DUO585405,1001635.56,999994.99,0.00,0.00,0.00,999994.99,3999979.96,999994.99
2026-01-28T23:05:02-05:00,48500587-1199-4ffa-ae57-fe2348a3093b,DUO585405,1001635.56,999994.99,0.00,0.00,0.00,999994.99,3999979.96,999994.99
2026-01-28T23:10:02-05:00,21715c44-b3f8-4e6a-aa5d-d3869cd8bb64,DUO585405,1001635.56,999994.99,0.00,0.00,0.00,999994.99,3999979.96,999994.99
2026-01-28T23:15:02-05:00,52020599-6834-4347-91fe-3e21820d9f38,DUO585405,1001635.56,999994.99,0.00,0.00,0.00,999994.99,3999979.96,999994.99
2026-01-28T23:20:02-05:00,42389ace-43fc-4178-911c-3d3ed6a23c00,DUO585405,1001635.56,999994.99,0.00,0.00,0.00,999994.99,3999979.96,999994.99
2026-01-28T23:25:02-05:00,8e4024b6-55ef-4763-9329-3b98a0783704,DUO585405,1001635.56,999994.99,0.00,0.00,0.00,999994.99,3999979.96,999994.99
2026-01-28T23:30:02-05:00,771a7161-dd6f-41eb-9248-a6bea97ce5e6,DUO585405,1001635.56,999994.99,0.00,0.00,0.00,999994.99,3999979.96,999994.99
2026-01-28T23:35:02-05:00,8b67f115-16ea-445a-a0a3-1ac8e71e2b6b,DUO585405,1001635.56,999994.99,0.00,0.00,0.00,999994.99,3999979.96,999994.99
2026-01-28T23:40:02-05:00,390a03c2-12a2-4f88-9d7c-c5142b6ae67b,DUO585405,1001635.56,999994.99,0.00,0.00,0.00,999994.99,3999979.96,999994.99
2026-01-29T08:29:44-05:00,4474b445-3a26-4f6d-947d-9ad7ec0fc0bb,DUO585405,1001635.56,999994.99,0.00,0.00,0.00,999994.99,3999979.96,999994.99
2026-01-29T08:30:01-05:00,08cfb3bd-f704-4b8b-9824-52abba5fd2b7,DUO585405,1001635.56,999994.99,0.00,0.00,0.00,999994.99,3999979.96,999994.99
2026-01-29T08:35:02-05:00,e20a5112-6279-409c-9069-e0c487206a89,DUO585405,1001635.56,999994.99,0.00,0.00,0.00,999994.99,3999979.96,999994.99
2026-01-29T08:40:02-05:00,64adcec8-1fab-43fa-b05f-44cb834ec960,DUO585405,1001635.56,999994.99,0.00,0.00,0.00,999994.99,3999979.96,999994.99
2026-01-29T09:19:40-05:00,3f2653d1-3f69-4365-ae1c-895341fcf851,DUO585405,1001635.56,999994.99,0.00,0.00,0.00,999994.99,3999979.96,999994.99
2026-01-29T09:20:02-05:00,4b6ed776-3a57-4357-aa1e-8bf3d4fd65b2,DUO585405,1001635.56,999994.99,0.00,0.00,0.00,999994.99,3999979.96,999994.99
2026-01-29T09:25:02-05:00,000ba1bb-682f-4350-8fdc-539e2bee5682,DUO585405,1001635.56,999994.99,0.00,0.00,0.00,999994.99,3999979.96,999994.99
2026-01-29T09:30:02-05:00,2696f1d7-2e2b-4d22-8770-e31100e79cc1,DUO585405,1001635.56,999994.99,0.00,0.00,0.00,999994.99,3999979.96,999994.99
2026-01-29T09:53:41-05:00,e1dc854c-b0cd-4ae3-87e7-cbf1c71d9d08,DUO585405,1001635.56,999994.99,0.00,0.00,0.00,999994.99,3999979.96,999994.99
2026-01-29T09:55:02-05:00,17835c2c-e18d-4ed5-96aa-4a231664f250,DUO585405,1001635.56,999994.99,0.00,0.00,0.00,999994.99,3999979.96,999994.99
2026-01-29T10:00:02-05:00,cad06f86-4fa7-4b3e-bbb2-1edfb930a41c,DUO585405,1001635.56,999994.99,0.00,0.00,0.00,999994.99,3999979.96,999994.99
2026-01-29T10:05:06-05:00,d42b1861-07f0-48f4-9cbf-e0f92e36f0f4,DUO585405,1001635.56,999994.99,0.00,0.00,0.00,999994.99,3999979.96,999994.99
2026-01-29T11:03:18-05:00,fda678f3-1dec-4a8c-8d99-99cd3f32e7a2,DUO585405,1001635.56,999994.99,0.00,0.00,0.00,999994.99,3999979.96,999994.99
2026-01-29T11:05:02-05:00,369bf9d1-561f-4bd2-a212-e9ab1b1310b9,DUO585405,1001635.56,999994.99,0.00,0.00,0.00,999994.99,3999979.96,999994.99
2026-01-29T11:10:02-05:00,201014d7-8d36-4bb5-8a38-d45e315dfcb8,DUO585405,1001635.56,999994.99,0.00,0.00,0.00,999994.99,3999979.96,999994.99
2026-01-29T11:15:02-05:00,94590ef5-bd1d-4c2c-8eb7-e9baff97ca8a,DUO585405,1001635.56,999994.99,0.00,0.00,0.00,999994.99,3999979.96,999994.99
2026-01-29T11:20:02-05:00,b34d80d8-ffa4-436f-8467-0f5c5518c0da,DUO585405,1001635.56,999994.99,0.00,0.00,0.00,999994.99,3999979.96,999994.99
2026-01-29T11:25:02-05:00,050df172-0622-4340-871b-7c2b740502f0,DUO585405,1001635.56,999994.99,0.00,0.00,0.00,999994.99,3999979.96,999994.99
2026-01-29T11:30:02-05:00,5219ca84-d517-4fb9-acf6-134f19dc1758,DUO585405,1001635.56,999994.99,0.00,0.00,0.00,999994.99,3999979.96,999994.99
2026-01-29T11:35:02-05:00,c85d76ea-ac94-4986-b3a8-9c4bc05256b3,DUO585405,1001635.56,999994.99,0.00,0.00,0.00,999994.99,3999979.96,999994.99
2026-01-29T11:40:02-05:00,baac6310-d8d3-4c31-9194-6ea1b5fe4e15,DUO585405,1001635.56,999994.99,0.00,0.00,0.00,999994.99,3999979.96,999994.99
2026-01-29T12:25:09-05:00,d28a7eca-5d39-4970-9203-4abf22df6270,DUO585405,1001635.56,999994.99,0.00,0.00,0.00,999994.99,3999979.96,999994.99
2026-01-29T12:30:02-05:00,dae0853c-e70f-42a1-a1ca-9469e7f74d07,DUO585405,1001635.56,999994.99,0.00,0.00,0.00,999994.99,3999979.96,999994.99
2026-01-29T12:35:02-05:00,f17152ea-34d4-4898-9687-34edf43a238c,DUO585405,1001635.56,999994.99,0.00,0.00,0.00,999994.99,3999979.96,999994.99
2026-01-29T12:40:02-05:00,68542d2a-c65d-4e84-8573-7f2964d16f13,DUO585405,1001635.56,999994.99,0.00,0.00,0.00,999994.99,3999979.96,999994.99
2026-01-29T12:45:02-05:00,b28734bb-d6a9-4f2b-aff8-c244d9f55b08,DUO585405,1001635.56,999994.99,0.00,0.00,0.00,999994.99,3999979.96,999994.99
2026-01-29T12:50:02-05:00,cae81e2b-2e67-4fba-a46f-593cdea920d6,DUO585405,1001635.56,999994.99,0.00,0.00,0.00,999994.99,3999979.96,999994.99
2026-01-29T12:55:02-05:00,2049610f-9918-44fd-8276-659da0a770d3,DUO585405,1001635.56,999994.99,0.00,0.00,0.00,999994.99,3999979.96,999994.99
2026-01-29T13:00:02-05:00,3bb7c3c1-8fc8-44e2-8c0c-2746a62bcb24,DUO585405,1001635.56,999994.99,0.00,0.00,0.00,999994.99,3999979.96,999994.99
2026-01-29T13:05:05-05:00,47bc19bd-bda3-4342-8cc0-266899adeb4f,DUO585405,1001635.56,999994.99,0.00,0.00,0.00,999994.99,3999979.96,999994.99
2026-01-29T13:10:02-05:00,37f50191-8e9c-4889-bcea-4a7c313b0ccd,DUO585405,1001630.73,998610.03,1380.13,-2.55,-2.28,999645.13,3998580.50,999990.16
2026-01-29T13:15:02-05:00,1f7f8431-9542-473b-9d39-f7b4936fd290,DUO585405,1001632.70,998610.03,1382.10,-0.58,-2.28,999646.60,3998586.42,999992.13
2026-01-29T13:20:02-05:00,f598a9a4-7b13-4840-a70c-90a40d8651bd,DUO585405,1001631.65,998610.03,1381.05,-1.63,-2.28,999645.82,3998583.26,999991.08
2026-01-29T13:25:02-05:00,a08bc7b0-68a5-4fd2-8fe3-c5f15679f04b,DUO585405,1001632.25,998610.03,1381.65,-1.03,-2.28,999646.27,3998585.06,999991.68
2026-01-29T13:30:02-05:00,37e0ae04-3bba-4b4d-a3f4-15a71b1dc916,DUO585405,1001632.50,998610.03,1381.90,-0.78,-2.28,999646.45,3998585.82,999991.93
2026-01-29T13:35:02-05:00,06c204e4-766c-440e-9b7e-692dd3fd0993,DUO585405,1001631.81,998610.03,1381.21,-1.47,-2.28,999645.94,3998583.74,999991.24
2026-01-29T13:40:02-05:00,1d85b6c8-0ef4-4055-a83f-6362c95e1aab,DUO585405,1001633.07,998610.03,1382.47,-0.21,-2.28,999646.88,3998587.53,999992.50
2026-01-29T13:45:02-05:00,32c8b41c-d39c-421b-9398-1bbad7b6a0e8,DUO585405,1001633.40,998610.03,1382.80,0.12,-2.28,999647.13,3998588.52,999992.83
2026-01-29T13:50:02-05:00,76ef3efa-885e-44e3-8b77-dbde2226d709,DUO585405,1001632.96,998610.03,1382.36,-0.32,-2.28,999646.80,3998587.20,999992.39
2026-01-29T13:55:02-05:00,66b06585-2f92-4edc-a81f-a88c21c4c93b,DUO585405,1001632.85,998610.03,1382.25,-0.43,-2.28,999646.72,3998586.86,999992.28
2026-01-29T14:00:02-05:00,438e78b1-3651-4f43-9447-aae876027b19,DUO585405,1001632.11,998610.03,1381.51,-1.17,-2.28,999646.16,3998584.64,999991.54
2026-01-29T14:05:02-05:00,a26d1f27-f1bc-447d-a2ee-a326f3ccc29f,DUO585405,1001632.70,998610.03,1382.10,-0.58,-2.28,999646.60,3998586.42,999992.13
2026-01-29T14:10:02-05:00,438345d6-8958-42e9-9471-dfb23aadc63a,DUO585405,1001633.54,998610.03,1382.94,0.26,-2.28,999647.23,3998588.94,999992.97
2026-01-29T14:15:03-05:00,01507150-cd77-4ec4-8c96-57f115733a70,DUO585405,1001633.93,998610.03,1383.33,0.65,-2.28,999647.53,3998590.11,999993.36
2026-01-29T14:20:03-05:00,9a477814-eb02-4f25-874f-e2119f1ddc69,DUO585405,1001634.01,998610.03,1383.41,0.73,-2.28,999647.59,3998590.34,999993.44
2026-01-29T14:25:03-05:00,9870bec4-e24f-4181-a8b1-4c48a0fc314a,DUO585405,1001634.32,998610.03,1383.72,1.04,-2.28,999647.82,3998591.28,999993.75
2026-01-29T14:30:02-05:00,439bba79-f2d2-44c5-b70a-2cb46f05333b,DUO585405,1001634.75,998610.03,1384.15,1.47,-2.28,999648.14,3998592.58,999994.18
2026-01-29T14:35:02-05:00,06df8921-7000-45bf-8d9c-5e89a60b06a3,DUO585405,1001634.09,998610.03,1383.49,0.81,-2.28,999647.65,3998590.60,999993.52
2026-01-29T14:40:03-05:00,969ad1e0-30d1-4713-a202-371d6f9537d8,DUO585405,1001633.90,998610.03,1383.30,0.62,-2.28,999647.50,3998590.02,999993.33
2026-01-29T14:45:02-05:00,698be00f-16f7-4f6c-af6a-cf69d2d9a4a2,DUO585405,1001633.90,998610.03,1383.30,0.62,-2.28,999647.50,3998590.02,999993.33
2026-01-29T14:50:02-05:00,2a14e991-42bc-4cb9-8cc3-08b4402f19f9,DUO585405,1001633.87,998610.03,1383.27,0.59,-2.28,999647.48,3998589.92,999993.30
2026-01-29T14:55:02-05:00,5d10eff4-eaf0-4027-9d52-131b86bd65c8,DUO585405,1001633.48,998610.03,1382.88,0.20,-2.28,999647.19,3998588.76,999992.91
2026-01-29T15:00:02-05:00,2e2fdd80-b06f-45d1-b43a-2d410498e5a1,DUO585405,1001632.98,998610.03,1382.38,-0.30,-2.28,999646.81,3998587.26,999992.41
2026-01-29T15:05:02-05:00,785c11b6-647c-4dfc-b3d7-7ee472ef6717,DUO585405,1001633.60,998610.03,1383.00,0.32,-2.28,999647.28,3998589.12,999993.03
2026-01-29T15:10:02-05:00,6593ffec-beca-4137-9470-9b74a5d0fb7f,DUO585405,1001634.35,998610.03,1383.75,1.07,-2.28,999647.84,3998591.38,999993.78
2026-01-29T15:15:02-05:00,66890a55-0b4f-4723-9c75-fd6d33cecfb2,DUO585405,1001634.10,998610.03,1383.50,0.82,-2.28,999647.65,3998590.62,999993.53
2026-01-29T15:20:02-05:00,406eafb7-5121-4e5f-965b-0be9717b4adb,DUO585405,1001633.79,998610.03,1383.19,0.51,-2.28,999647.42,3998589.68,999993.22
2026-01-29T15:25:02-05:00,464327f0-a766-4e8f-8ba2-8dbb60552f6d,DUO585405,1001634.18,998610.03,1383.58,0.90,-2.28,999647.71,3998590.86,999993.61
2026-01-29T15:30:02-05:00,5792bdf8-56f0-4fd0-8032-cae3ca8f73e9,DUO585405,1001634.02,998610.03,1383.42,0.74,-2.28,999647.59,3998590.38,999993.45
2026-01-29T15:35:02-05:00,50a3c274-fb04-4362-ad8a-6daccc5a8bea,DUO585405,1001633.50,998610.03,1382.90,0.22,-2.28,999647.20,3998588.82,999992.93
2026-01-29T15:40:02-05:00,75263ae8-4688-4074-8e81-03ac26f6f6c8,DUO585405,1001635.24,998610.03,1384.64,1.96,-2.28,999648.51,3998594.04,999994.67
2026-01-29T15:45:02-05:00,7d6db594-f81c-4dc6-bc07-f508cb365761,DUO585405,1001636.07,998610.03,1385.47,2.79,-2.28,999649.13,3998596.53,999995.50
2026-01-29T15:50:02-05:00,2e6d09ab-4ccc-4cc6-b011-6f8630e9c089,DUO585405,1001635.90,998610.03,1385.30,2.62,-2.28,999649.00,3998596.02,999995.33
2026-01-29T15:55:02-05:00,ac4d90ec-973a-4949-9765-0d9596e5715a,DUO585405,1001637.65,998610.03,1387.05,4.37,-2.28,999650.32,3998601.28,999997.08
2026-01-29T16:00:02-05:00,7b6d94e8-7a9f-41f8-adc4-822a9a94d965,DUO585405,1001639.43,998610.03,1388.83,6.15,-2.28,999651.65,3998606.62,999998.86
2026-01-29T16:05:02-05:00,5f6f472e-59a1-418b-b898-7f331b77eb22,DUO585405,1001638.92,998610.03,1388.32,5.64,-2.28,999651.27,3998605.07,999998.35
2026-01-29T16:10:02-05:00,cfc99524-e553-4e5d-8a51-623446e503f6,DUO585405,1001638.62,998610.03,1388.02,5.34,-2.28,999651.04,3998604.17,999998.05
2026-01-29T16:15:02-05:00,f0d4fe41-325f-4095-bfbc-1c4b90c87f11,DUO585405,1001638.38,998610.03,1387.78,5.10,-2.28,999650.87,3998603.47,999997.81
2026-01-29T16:20:02-05:00,ed544fa1-5de6-49c1-a60a-f94d8297bd77,DUO585405,1001638.39,998610.03,1387.79,5.11,-2.28,999650.87,3998603.48,999997.82
2026-01-29T16:25:02-05:00,245e87b3-e6e7-42d2-aa69-98bf162e01a2,DUO585405,1001637.99,998610.03,1387.39,4.71,-2.28,999650.58,3998602.30,999997.42
2026-01-29T16:30:02-05:00,f80a834f-2ee4-43be-960c-cf352c7af86b,DUO585405,1001637.76,998610.03,1387.16,4.48,-2.28,999650.40,3998601.59,999997.19
2026-01-29T16:35:02-05:00,083bc666-5304-430b-8914-2ef3f39c8d4b,DUO585405,1001639.92,998610.03,1389.32,6.64,-2.28,999652.02,3998608.08,999999.35
2026-01-29T16:40:02-05:00,dec3884a-4770-4934-86e3-67a66c491f2e,DUO585405,1001639.24,998610.03,1388.64,5.96,-2.28,999651.51,3998606.05,999998.67
2026-01-29T16:45:02-05:00,d78972f9-e1d6-4c89-9f15-5a4136700042,DUO585405,1001638.98,998610.03,1388.38,5.70,-2.28,999651.31,3998605.26,999998.41
2026-01-29T16:50:02-05:00,c0973949-6150-4462-8d95-c8affcb5f421,DUO585405,1001638.59,998610.03,1387.99,5.31,-2.28,999651.02,3998604.08,999998.02
2026-01-29T16:55:02-05:00,3de0f83c-9408-4102-b23c-a1ba34e82c4f,DUO585405,1001638.57,998610.03,1387.97,5.29,-2.28,999651.01,3998604.02,999998.00
2026-01-29T17:00:02-05:00,40e5854a-2d21-4089-9bcc-d676da23e1a2,DUO585405,1001638.63,998610.03,1388.03,5.35,-2.28,999651.06,3998604.22,999998.06
2026-01-29T17:05:02-05:00,cf509445-b8af-4fc4-8503-3e40eaecb9a6,DUO585405,1001638.50,998610.03,1387.90,5.22,-2.28,999650.95,3998603.82,999997.93
2026-01-29T17:10:02-05:00,9cfbf2a8-eb43-49a3-aad5-448c947e0141,DUO585405,1001638.52,998610.03,1387.92,5.24,-2.28,999650.97,3998603.88,999997.95
2026-01-29T17:15:02-05:00,6f9fbbe9-d34e-4bee-9131-73f8c4cbd388,DUO585405,1001638.60,998610.03,1388.00,5.32,-2.28,999651.03,3998604.12,999998.03
2026-01-29T17:20:02-05:00,1a0a89e3-da1d-4130-a736-d49ce8708df1,DUO585405,1001638.52,998610.03,1387.92,5.24,-2.28,999650.97,3998603.88,999997.95
2026-01-29T17:25:02-05:00,53929601-73e3-4ef6-b9f3-262732628442,DUO585405,1001638.74,998610.03,1388.14,5.46,-2.28,999651.13,3998604.54,999998.17
2026-01-29T17:30:02-05:00,9943baf8-ccd5-442e-a14d-46ec39947f88,DUO585405,1001638.50,998610.03,1387.90,5.22,-2.28,999650.95,3998603.82,999997.93
2026-01-29T17:35:02-05:00,a715a4e8-11c0-4b9a-b42b-23408814ee26,DUO585405,1001638.58,998610.03,1387.98,5.30,-2.28,999651.01,3998604.06,999998.01
2026-01-29T17:40:02-05:00,34adca84-2a99-4961-b63d-bd14fd80085c,DUO585405,1001638.80,998610.03,1388.20,5.52,-2.28,999651.18,3998604.72,999998.23
2026-01-29T17:45:02-05:00,bf3a277f-2524-4eee-8847-e18ce511baa6,DUO585405,1001638.70,998610.03,1388.10,5.42,-2.28,999651.10,3998604.42,999998.13
2026-01-29T17:50:02-05:00,6ab3da66-b609-4ed1-90ee-0d8665b63ee1,DUO585405,1001638.62,998610.03,1388.02,5.34,-2.28,999651.04,3998604.18,999998.05
2026-01-29T17:55:02-05:00,567cc136-7c98-4a20-93ea-5a0803225315,DUO585405,1001638.42,998610.03,1387.82,5.14,-2.28,999650.89,3998603.58,999997.85
2026-01-29T18:00:02-05:00,a28296e6-4a0c-47f9-9c50-44e42c0a219a,DUO585405,1001638.48,998610.03,1387.88,5.20,-2.28,999650.94,3998603.76,999997.91
2026-01-29T18:05:02-05:00,b7d9b6ac-a806-4439-8a21-0510456dee6d,DUO585405,1001638.10,998610.03,1387.50,4.82,-2.28,999650.65,3998602.62,999997.53
2026-01-29T18:10:02-05:00,c385f9f1-b547-43d3-9f19-191c70abab9d,DUO585405,1001637.40,998610.03,1386.80,4.12,-2.28,999650.13,3998600.52,999996.83
2026-01-29T18:15:02-05:00,3d5b0af0-41fa-470e-a891-866b7b79b36c,DUO585405,1001636.38,998610.03,1385.78,3.10,-2.28,999649.37,3998597.47,999995.81
2026-01-29T18:20:03-05:00,f49e2b8e-40ba-4d9b-8ca5-13fccb62ebba,DUO585405,1001635.83,998610.03,1385.23,2.55,-2.28,999648.96,3998595.82,999995.26
2026-01-29T18:25:02-05:00,9af6d86a-2d3e-494a-a8e8-29911ade651b,DUO585405,1001636.72,998610.03,1386.12,3.44,-2.28,999649.62,3998598.49,999996.15
2026-01-29T18:30:02-05:00,97c6800f-65e8-4270-8819-40ed4dccc813,DUO585405,1001637.91,998610.03,1387.31,4.63,-2.28,999650.51,3998602.04,999997.34
2026-01-29T18:35:02-05:00,c49b1849-a8df-45bc-be6f-8b1a237eba86,DUO585405,1001637.96,998610.03,1387.36,4.68,-2.28,999650.55,3998602.20,999997.39
2026-01-29T18:40:02-05:00,e266db8c-2e96-40bd-a7ad-fc51fb93a75c,DUO585405,1001638.96,998610.03,1388.36,5.68,-2.28,999651.30,3998605.20,999998.39
2026-01-29T18:45:02-05:00,6d65a329-d073-4239-abd7-be58e1eb8b74,DUO585405,1001638.88,998610.03,1388.28,5.60,-2.28,999651.24,3998604.96,999998.31
2026-01-29T18:50:02-05:00,86a36183-3f48-4718-b5fe-0079806ab7d8,DUO585405,1001638.91,998610.03,1388.31,5.63,-2.28,999651.26,3998605.06,999998.34
2026-01-29T18:55:02-05:00,98f4a086-2666-415a-a578-f19bbfa63d7a,DUO585405,1001637.95,998610.03,1387.35,4.67,-2.28,999650.54,3998602.16,999997.38
2026-01-29T19:00:02-05:00,42874c8b-c2cf-4321-8ce3-3a1b0a55627f,DUO585405,1001637.78,998610.03,1387.18,4.50,-2.28,999650.42,3998601.66,999997.21
2026-01-29T19:05:02-05:00,c245d904-f359-423f-9931-7b0afbecf028,DUO585405,1001637.84,998610.03,1387.24,4.56,-2.28,999650.46,3998601.83,999997.27
2026-01-29T19:10:02-05:00,e4886dfc-5305-47da-9bd1-f9ac89d06c2c,DUO585405,1001637.77,998610.03,1387.17,4.49,-2.28,999650.41,3998601.64,999997.20
2026-01-29T19:15:02-05:00,984d6fdd-345f-465e-9f96-ac856554ca90,DUO585405,1001637.28,998610.03,1386.68,4.00,-2.28,999650.04,3998600.17,999996.71
2026-01-29T19:20:02-05:00,e096d61f-fd00-4def-83a2-34a37ab604dd,DUO585405,1001637.24,998610.03,1386.64,3.96,-2.28,999650.01,3998600.04,999996.67
2026-01-29T19:25:02-05:00,386baff1-9b9c-4423-975e-2aab2e402d8b,DUO585405,1001636.52,998610.03,1385.92,3.24,-2.28,999649.47,3998597.88,999995.95
2026-01-29T19:30:02-05:00,dd43af0e-d94f-469e-9ec4-2899ac790a17,DUO585405,1001635.78,998610.03,1385.18,2.50,-2.28,999648.91,3998595.65,999995.21
2026-01-29T19:35:02-05:00,d9a7c016-a814-4fb8-a1ac-42957ba7457c,DUO585405,1001638.10,998610.03,1387.50,4.82,-2.28,999650.65,3998602.62,999997.53
2026-01-29T19:40:02-05:00,9eadc2d2-3426-433a-b4da-f197b1c4e851,DUO585405,1001636.58,998610.03,1385.98,3.30,-2.28,999649.51,3998598.06,999996.01
2026-01-29T19:45:02-05:00,efbf1c6e-da07-446f-9c28-093f2782bf9c,DUO585405,1001636.29,998610.03,1385.69,3.01,-2.28,999649.30,3998597.18,999995.72
2026-01-29T20:00:02-05:00,44e6df40-9906-4e11-a668-3a2ce384bd4f,DUO585405,1001636.21,998610.03,1385.61,2.93,-2.28,999649.24,3998596.95,999995.64
2026-01-29T20:30:02-05:00,edeb1155-5c7d-4980-ac79-7729a436ace5,DUO585405,1001635.84,998610.03,1385.24,2.56,-2.28,999648.96,3998595.83,999995.27
2026-01-29T21:00:06-05:00,a0560fb2-1487-402d-adb2-864ffb31dd6c,DUO585405,1001635.84,998610.03,1385.24,2.56,-2.28,999648.96,3998595.83,999995.27
2026-01-29T21:30:02-05:00,54a5ec33-fb4d-4bf8-9743-9a656605e786,DUO585405,1001635.84,998610.03,1385.24,2.56,-2.28,999648.96,3998595.83,999995.27
2026-01-29T22:00:02-05:00,8b253f67-93dc-4af1-9e2d-e10e0b2e82c1,DUO585405,1001635.84,998610.03,1385.24,2.56,-2.28,999648.96,3998595.83,999995.27
2026-01-29T22:30:02-05:00,86ad0db2-cc72-413c-b639-97d7d412aeb8,DUO585405,1001722.19,998610.03,1385.24,2.86,0.00,999648.96,3998595.83,999995.27
2026-01-29T23:00:02-05:00,838ec01b-9b31-4296-9460-8dad0879b7fb,DUO585405,1001722.19,998610.03,1385.24,2.86,0.00,999648.96,3998595.83,999995.27
2026-01-30T08:29:54-05:00,fe2ebed8-7dcc-4f01-996c-7dda86e0637d,DUO585405,1001720.13,998610.03,1383.18,0.80,0.00,999647.42,3998589.67,999993.21
2026-01-30T08:30:02-05:00,4f3ec819-f2ba-44d1-9daf-a638145f3302,DUO585405,1001720.13,998610.03,1383.18,0.80,0.00,999647.42,3998589.67,999993.21
2026-01-30T08:35:02-05:00,babf872f-51eb-4b60-8a8f-a2974f104580,DUO585405,1001718.38,998610.03,1381.43,-0.95,0.00,999646.10,3998584.41,999991.46
2026-01-30T08:40:06-05:00,9bbaba3f-1145-4e44-934f-e97064ddd509,DUO585405,1001718.40,998610.03,1381.45,-0.93,0.00,999646.11,3998584.46,999991.48
2026-01-30T08:45:02-05:00,8d73e372-f69d-4038-81f5-7367f4203a5f,DUO585405,1001719.28,998610.03,1382.33,-0.05,0.00,999646.78,3998587.11,999992.36
2026-01-30T09:19:40-05:00,5d9b0c17-bc0b-4d4a-913b-d494d80410f9,DUO585405,1001720.21,998610.03,1383.26,0.88,0.00,999647.48,3998589.89,999993.29
2026-01-30T09:20:02-05:00,c3d54431-b268-4b86-806f-4f78cbb54c64,DUO585405,1001720.21,998610.03,1383.26,0.88,0.00,999647.48,3998589.89,999993.29
2026-01-30T09:25:02-05:00,8b2f42a5-7f10-40e6-a623-5e3ddaf79d22,DUO585405,1001719.85,998610.03,1382.90,0.52,0.00,999647.20,3998588.81,999992.93
2026-01-30T09:30:02-05:00,053493c0-eb6d-4af2-a966-efe9e6200d43,DUO585405,1001720.30,998610.03,1383.35,0.97,0.00,999647.54,3998590.16,999993.38
2026-01-30T10:19:27-05:00,83bf83d2-6c22-4dd9-ae3c-dc3eac1158c3,DUO585405,1001723.90,998610.03,1386.95,4.57,0.00,999650.24,3998600.96,999996.98
2026-01-30T10:20:02-05:00,da4431a5-14d5-40fd-b983-96fe55bf7326,DUO585405,1001723.90,998610.03,1386.95,4.57,0.00,999650.24,3998600.96,999996.98
2026-01-30T10:25:02-05:00,4352e971-7989-4cc8-8177-5ba878bba169,DUO585405,1001722.67,998610.03,1385.72,3.34,0.00,999649.32,3998597.28,999995.75
2026-01-30T10:30:02-05:00,00dde206-7dfb-4067-8f3b-e62cb3079c3b,DUO585405,1001719.91,998610.03,1382.96,0.58,0.00,999647.25,3998589.00,999992.99
2026-01-30T10:35:02-05:00,e5529c52-ef93-4353-ad5b-14e4c930aee1,DUO585405,1001720.00,998610.03,1383.05,0.67,0.00,999647.32,3998589.26,999993.08
2026-01-30T11:01:46-05:00,af12218d-ec55-44a1-a03f-f365edc6cc25,DUO585405,1001721.52,998610.03,1384.57,2.19,0.00,999648.46,3998593.84,999994.60
2026-01-30T11:05:02-05:00,75b1d19b-cb51-43cb-ba1b-3f8c63b357ca,DUO585405,1001721.35,998610.03,1384.40,2.02,0.00,999648.33,3998593.32,999994.43
2026-01-30T11:10:02-05:00,d242f259-b2d2-4d0a-a9f7-9ed2ee323599,DUO585405,1001721.43,998610.03,1384.48,2.10,0.00,999648.39,3998593.56,999994.51
2026-01-30T11:15:02-05:00,cb98beed-8805-4262-8739-44bf9eb35dd4,DUO585405,1001720.97,998610.03,1384.02,1.64,0.00,999648.05,3998592.18,999994.05
2026-01-30T11:20:02-05:00,31e04b88-be13-455b-b4d5-a5d7acb17c5e,DUO585405,1001719.85,998610.03,1382.90,0.52,0.00,999647.21,3998588.82,999992.93
2026-01-30T11:25:02-05:00,2168bb37-8a7d-4809-83b5-e934d811223b,DUO585405,1001718.51,998610.03,1381.56,-0.82,0.00,999646.20,3998584.80,999991.59
2026-01-30T11:30:02-05:00,9e04549f-01ad-43ea-ad0c-9f4d819c7d69,DUO585405,1001719.45,998610.03,1382.50,0.12,0.00,999646.91,3998587.62,999992.53
2026-01-30T11:35:03-05:00,71dcc4c1-83f2-4c8e-8fe3-58580b047dff,DUO585405,1001719.77,998610.03,1382.82,0.44,0.00,999647.14,3998588.58,999992.85
2026-01-30T11:40:02-05:00,52fdbebc-d829-4c94-b885-4797df212ec6,DUO585405,1001720.52,998610.03,1383.57,1.19,0.00,999647.71,3998590.82,999993.60
2026-01-30T11:45:02-05:00,1ac4f26f-586a-4e8c-97b1-eca7f023a662,DUO585405,1001721.51,998610.03,1384.56,2.18,0.00,999648.45,3998593.80,999994.59
2026-01-30T11:50:02-05:00,55c5c851-42cc-43ca-af10-6dda9be618a2,DUO585405,1001720.42,998610.03,1383.47,1.09,0.00,999647.63,3998590.54,999993.50
2026-01-30T11:55:02-05:00,8985130f-b3ad-46ed-9249-4603e20fb897,DUO585405,1001719.19,998610.03,1382.24,-0.14,0.00,999646.71,3998586.84,999992.27
2026-01-30T12:00:02-05:00,19e1d05f-5127-4d6e-ad91-f2a049c54772,DUO585405,1001717.91,998610.03,1380.96,-1.42,0.00,999645.75,3998583.00,999990.99
2026-01-30T12:05:02-05:00,e141bdf8-46f9-4c65-b92d-4c9a61dae6cf,DUO585405,1001718.25,998610.03,1381.30,-1.08,0.00,999646.01,3998584.02,999991.33
2026-01-30T12:08:59-05:00,724f954d-a5da-42bd-8dd9-c2147c57de9d,DUO585405,1001695.46,978611.71,21356.83,-23.87,0.00,994629.33,3978517.33,999968.54
2026-01-30T12:10:02-05:00,0b84940f-c4cf-4f0f-9754-31d7c046cf80,DUO585405,1001695.46,978611.71,21356.83,-23.87,0.00,994629.33,3978517.33,999968.54
2026-01-30T12:15:03-05:00,fd5747f5-482f-4f54-9e1c-831c467015f4,DUO585405,1001697.89,974183.51,25787.46,-21.44,0.00,993524.10,3974096.41,999970.97
2026-01-30T12:20:03-05:00,0880afd2-9a77-4c12-bfd4-7d34f825c23b,DUO585405,1001696.49,973803.21,26166.36,-22.84,0.00,993380.93,3973523.70,999969.57
2026-01-30T12:25:03-05:00,fadfe5bc-cedf-4e98-91e1-760b6f5fb38f,DUO585405,1001734.46,973803.21,26204.33,15.13,0.00,993410.25,3973641.00,1000007.54
2026-01-30T12:30:02-05:00,0c914a7f-3af0-4c76-9a7a-88456677ebb2,DUO585405,1001739.01,973803.21,26208.88,19.68,0.00,993413.52,3973654.09,1000012.09
2026-01-30T12:35:03-05:00,3db4d829-8d89-436c-b190-58e06dee8fca,DUO585405,1001752.82,973803.21,26222.69,33.49,0.00,993424.04,3973696.16,1000025.90
2026-01-30T12:40:02-05:00,b2f0f928-9662-4be5-a1a2-dbf99180d255,DUO585405,1001715.38,976560.10,23428.36,-1.89,-2.06,994084.98,3976339.94,999988.46
2026-01-30T12:45:02-05:00,99441694-c1dc-42cb-b2be-f6b3f300a545,DUO585405,1001707.22,978627.59,21352.71,-8.34,-3.78,994595.60,3978382.38,999980.30
2026-01-30T12:48:19-05:00,1d06b53a-ac2a-4029-b8b9-71941ff91f51,DUO585405,1001723.21,999996.29,0.00,0.00,3.88,999996.29,3999985.17,999996.29
2026-01-30T12:50:02-05:00,cd1e6749-6226-4458-b544-6bbc7a8ac943,DUO585405,1001723.21,999996.29,0.00,0.00,3.88,999996.29,3999985.17,999996.29
2026-01-30T12:55:02-05:00,5287c9df-acca-4c56-90f8-a974568307e6,DUO585405,1001723.21,999996.29,0.00,0.00,3.88,999996.29,3999985.17,999996.29
2026-01-30T13:00:02-05:00,73f89006-519e-4a81-b194-52e822556155,DUO585405,1001723.21,999996.29,0.00,0.00,3.88,999996.29,3999985.17,999996.29
2026-01-30T13:05:02-05:00,8310caf1-0ce0-4f66-905a-0ac9a2a803b4,DUO585405,1001723.21,999996.29,0.00,0.00,3.88,999996.29,3999985.17,999996.29
2026-01-30T13:10:02-05:00,67faad11-b2a9-419d-bbba-f9170093d7a3,DUO585405,1001723.21,999996.29,0.00,0.00,3.88,999996.29,3999985.17,999996.29
2026-01-30T13:15:02-05:00,a146b385-7d8f-4a2f-ad89-5156e6a3a6f8,DUO585405,1001723.21,999996.29,0.00,0.00,3.88,999996.29,3999985.17,999996.29
2026-01-30T13:20:02-05:00,fe1ce90a-2c10-450f-97ee-97b51796a22d,DUO585405,1001723.21,999996.29,0.00,0.00,3.88,999996.29,3999985.17,999996.29
2026-01-30T13:25:02-05:00,3a01fbb8-2638-4ec5-819b-dcdc2e547b09,DUO585405,1001723.21,999996.29,0.00,0.00,3.88,999996.29,3999985.17,999996.29
2026-01-30T13:30:02-05:00,9e13f410-6b59-49ca-b317-10a9542a59ff,DUO585405,1001723.21,999996.29,0.00,0.00,3.88,999996.29,3999985.17,999996.29
2026-01-30T13:35:02-05:00,44fdfdd0-41b8-4273-93ca-3e0c4c2aceee,DUO585405,1001723.21,999996.29,0.00,0.00,3.88,999996.29,3999985.17,999996.29
2026-01-30T13:40:02-05:00,4eb90e75-6ddf-4a53-ac43-2b2bd351bc44,DUO585405,1001723.21,999996.29,0.00,0.00,3.88,999996.29,3999985.17,999996.29
2026-01-30T13:45:02-05:00,e0c32225-2d7c-484a-b1cd-0d253cd8fc2e,DUO585405,1001723.21,999996.29,0.00,0.00,3.88,999996.29,3999985.17,999996.29
2026-01-30T13:50:02-05:00,0fe2106d-9a63-4057-8c95-ce411429b77b,DUO585405,1001723.21,999996.29,0.00,0.00,3.88,999996.29,3999985.17,999996.29
2026-01-30T13:55:02-05:00,1bf54954-ff43-4472-82f3-c88b4bce13c9,DUO585405,1001723.21,999996.29,0.00,0.00,3.88,999996.29,3999985.17,999996.29
2026-01-30T14:00:02-05:00,ef794cfb-085a-4723-a3cb-f573573fb7b1,DUO585405,1001723.21,999996.29,0.00,0.00,3.88,999996.29,3999985.17,999996.29
2026-01-30T14:05:02-05:00,0b46b426-cf20-4d0b-9191-42a7cca4f400,DUO585405,1001723.21,999996.29,0.00,0.00,3.88,999996.29,3999985.17,999996.29
2026-01-30T14:10:02-05:00,d461783a-9bd2-49a6-8be3-86d98b77496e,DUO585405,1001723.21,999996.29,0.00,0.00,3.88,999996.29,3999985.17,999996.29
2026-01-30T14:15:02-05:00,96259307-1784-43ee-a1d3-bd5c0e7fa044,DUO585405,1001723.21,999996.29,0.00,0.00,3.88,999996.29,3999985.17,999996.29
2026-01-30T14:20:02-05:00,6b73c31a-7663-4ce9-bbeb-d089c1306289,DUO585405,1001723.21,999996.29,0.00,0.00,3.88,999996.29,3999985.17,999996.29
2026-01-30T14:25:02-05:00,5f831f32-d78c-4891-ba28-009e04ec87fd,DUO585405,1001723.21,999996.29,0.00,0.00,3.88,999996.29,3999985.17,999996.29
2026-01-30T14:30:02-05:00,1b32e6fe-fc9f-4bae-ab78-3b9a93461c63,DUO585405,1001723.21,999996.29,0.00,0.00,3.88,999996.29,3999985.17,999996.29
2026-01-30T14:35:02-05:00,2d477fd4-592b-4ed2-bde1-7349452e41a0,DUO585405,1001723.21,999996.29,0.00,0.00,3.88,999996.29,3999985.17,999996.29
2026-01-30T14:40:03-05:00,f48daa78-8b96-42de-a9b8-cc651c0dc973,DUO585405,1001723.21,999996.29,0.00,0.00,3.88,999996.29,3999985.17,999996.29
2026-01-30T14:45:03-05:00,2f511000-6de1-4d8b-9948-b678307ffadf,DUO585405,1001723.21,999996.29,0.00,0.00,3.88,999996.29,3999985.17,999996.29
2026-01-30T14:50:02-05:00,73ed822d-5997-498e-ba83-0b46e8234284,DUO585405,1001723.21,999996.29,0.00,0.00,3.88,999996.29,3999985.17,999996.29
2026-01-30T14:55:02-05:00,705cc00c-f8f1-45e1-82f6-34411ddb2992,DUO585405,1001723.21,999996.29,0.00,0.00,3.88,999996.29,3999985.17,999996.29
2026-01-30T15:00:02-05:00,cfaa8cca-2ffe-4819-987d-35d0215c9d81,DUO585405,1001723.21,999996.29,0.00,0.00,3.88,999996.29,3999985.17,999996.29
2026-01-30T15:05:03-05:00,2223a735-6dd5-4f68-937c-d3ec56b305a3,DUO585405,1001723.21,999996.29,0.00,0.00,3.88,999996.29,3999985.17,999996.29
2026-01-30T15:10:02-05:00,a778de64-da23-4eae-90d2-c2a6dfa096ac,DUO585405,1001723.21,999996.29,0.00,0.00,3.88,999996.29,3999985.17,999996.29
2026-01-30T15:15:03-05:00,7a573654-2f75-4bc9-959f-47d8b4e3dc9a,DUO585405,1001723.21,999996.29,0.00,0.00,3.88,999996.29,3999985.17,999996.29
2026-01-30T15:20:03-05:00,4e4f12e2-4831-44aa-9cc3-e77cfe6bbbac,DUO585405,1001723.21,999996.29,0.00,0.00,3.88,999996.29,3999985.17,999996.29
2026-01-30T15:25:02-05:00,0abc4ffb-0541-446b-bf59-f2b11ee0e00e,DUO585405,1001723.21,999996.29,0.00,0.00,3.88,999996.29,3999985.17,999996.29
2026-01-30T15:30:02-05:00,a0c09664-941a-4229-8084-ef85c09843c8,DUO585405,1001723.21,999996.29,0.00,0.00,3.88,999996.29,3999985.17,999996.29
2026-01-30T15:35:03-05:00,20a173a3-5c35-4017-aa93-bef7f02a0e2b,DUO585405,1001723.21,999996.29,0.00,0.00,3.88,999996.29,3999985.17,999996.29
2026-01-30T15:40:03-05:00,2ad11985-8472-40d0-8487-b5fb4f91d0d1,DUO585405,1001723.21,999996.29,0.00,0.00,3.88,999996.29,3999985.17,999996.29
2026-01-30T15:45:03-05:00,b054553d-5971-42a1-9521-ced298169173,DUO585405,1001723.21,999996.29,0.00,0.00,3.88,999996.29,3999985.17,999996.29
2026-01-30T15:50:03-05:00,b964224d-1e84-496e-a461-13d981162dbd,DUO585405,1001723.21,999996.29,0.00,0.00,3.88,999996.29,3999985.17,999996.29
2026-01-30T15:55:03-05:00,81bc383c-549a-4114-82c4-5ea8ad931464,DUO585405,1001723.21,999996.29,0.00,0.00,3.88,999996.29,3999985.17,999996.29
2026-01-30T16:00:02-05:00,bff7dbbc-4e98-4627-9573-09c5fa503fb0,DUO585405,1001723.21,999996.29,0.00,0.00,3.88,999996.29,3999985.17,999996.29
2026-01-30T16:05:02-05:00,3c9af2ac-2d67-4841-96d4-6a0016e8127d,DUO585405,1001723.21,999996.29,0.00,0.00,3.88,999996.29,3999985.17,999996.29
2026-01-30T16:10:02-05:00,a4b59e54-9634-4dae-a481-a5dfd70b4d15,DUO585405,1001723.21,999996.29,0.00,0.00,3.88,999996.29,3999985.17,999996.29
2026-01-30T16:15:03-05:00,94adeecd-b62e-4b66-a9ae-02c00d8546c2,DUO585405,1001723.21,999996.29,0.00,0.00,3.88,999996.29,3999985.17,999996.29
2026-01-30T16:20:03-05:00,ef8b01b2-c61e-421f-8068-0fc0ae701c46,DUO585405,1001723.21,999996.29,0.00,0.00,3.88,999996.29,3999985.17,999996.29
2026-01-30T16:25:02-05:00,7f1ab6cc-db87-46aa-9908-6d8dc3a16956,DUO585405,1001723.21,999996.29,0.00,0.00,3.88,999996.29,3999985.17,999996.29
2026-01-30T16:30:02-05:00,8a90ac10-0d45-40a2-ac5c-5b0f531210e8,DUO585405,1001723.21,999996.29,0.00,0.00,3.88,999996.29,3999985.17,999996.29
2026-01-30T16:35:03-05:00,f4a88249-91a0-4edc-b9cd-dd825599b353,DUO585405,1001723.21,999996.29,0.00,0.00,3.88,999996.29,3999985.17,999996.29
2026-01-30T16:40:02-05:00,c4a23011-cd8d-4be3-981f-b59ca6c1eae1,DUO585405,1001723.21,999996.29,0.00,0.00,3.88,999996.29,3999985.17,999996.29
2026-01-30T16:45:03-05:00,c93cb1d0-0777-4689-8e56-9efb11ea6e75,DUO585405,1001723.21,999996.29,0.00,0.00,3.88,999996.29,3999985.17,999996.29
2026-01-30T16:50:02-05:00,81ca0b55-8dcd-47b8-84e7-9194c8666912,DUO585405,1001723.21,999996.29,0.00,0.00,3.88,999996.29,3999985.17,999996.29
2026-01-30T16:55:03-05:00,a7d818d0-d08f-4e47-ad2e-676c146c375d,DUO585405,1001723.21,999996.29,0.00,0.00,3.88,999996.29,3999985.17,999996.29
2026-01-30T17:00:02-05:00,4c6eb299-f52d-4733-a6c8-763204c0258b,DUO585405,1001723.21,999996.29,0.00,0.00,3.88,999996.29,3999985.17,999996.29
2026-01-30T17:05:02-05:00,72b11d91-654f-487b-9f02-4d16ffd465ba,DUO585405,1001723.21,999996.29,0.00,0.00,3.88,999996.29,3999985.17,999996.29
2026-01-30T17:10:03-05:00,520a3df6-045f-4207-8130-78260023cdfc,DUO585405,1001723.21,999996.29,0.00,0.00,3.88,999996.29,3999985.17,999996.29
2026-01-30T17:15:03-05:00,2afe93b4-70bc-4211-b82d-2a551ae626c1,DUO585405,1001723.21,999996.29,0.00,0.00,3.88,999996.29,3999985.17,999996.29
2026-01-30T17:20:02-05:00,625535ca-5451-4f23-a75c-dcb8169bd664,DUO585405,1001723.21,999996.29,0.00,0.00,3.88,999996.29,3999985.17,999996.29
2026-01-30T17:25:03-05:00,6d7c5a2f-6cd5-4b22-a535-35c0ca22fa10,DUO585405,1001723.21,999996.29,0.00,0.00,3.88,999996.29,3999985.17,999996.29
2026-01-30T17:30:02-05:00,1c5fe4c2-5d96-4a33-bdd7-cfdb09952106,DUO585405,1001723.21,999996.29,0.00,0.00,3.88,999996.29,3999985.17,999996.29
2026-01-30T17:35:03-05:00,93300802-0d2f-4c47-be5c-874046b67115,DUO585405,1001723.21,999996.29,0.00,0.00,3.88,999996.29,3999985.17,999996.29
2026-01-30T17:40:02-05:00,4c1ff2cd-1cc0-4b3d-94e6-a5787532ea32,DUO585405,1001723.21,999996.29,0.00,0.00,3.88,999996.29,3999985.17,999996.29
2026-01-30T17:45:03-05:00,dcc3f358-5f41-4d3d-b921-80af3dcf4efb,DUO585405,1001723.21,999996.29,0.00,0.00,3.88,999996.29,3999985.17,999996.29
2026-01-30T17:50:03-05:00,cfdadb85-1122-449e-934d-6ca8bde492bd,DUO585405,1001723.21,999996.29,0.00,0.00,3.88,999996.29,3999985.17,999996.29
2026-01-30T17:55:02-05:00,25b7266d-33c5-4cfb-9ff1-474ffe2b2b5c,DUO585405,1001723.21,999996.29,0.00,0.00,3.88,999996.29,3999985.17,999996.29
2026-01-30T18:00:02-05:00,4d34811d-b193-4176-9ff9-f016262ca15e,DUO585405,1001723.21,999996.29,0.00,0.00,3.88,999996.29,3999985.17,999996.29
2026-01-30T18:05:02-05:00,1b46d1c8-7725-480a-b3cd-a37a6aee4e2c,DUO585405,1001723.21,999996.29,0.00,0.00,3.88,999996.29,3999985.17,999996.29
2026-01-30T18:10:03-05:00,5e5a01ed-4898-4ada-9193-9a491995fdae,DUO585405,1001723.21,999996.29,0.00,0.00,3.88,999996.29,3999985.17,999996.29
2026-01-30T18:15:03-05:00,7baaa4bf-ab0e-4b01-8a0c-25fba7a67c2e,DUO585405,1001723.21,999996.29,0.00,0.00,3.88,999996.29,3999985.17,999996.29
2026-01-30T18:20:03-05:00,2ca0f9cf-12bf-4da5-8eb3-11bc51bceccf,DUO585405,1001723.21,999996.29,0.00,0.00,3.88,999996.29,3999985.17,999996.29
2026-01-30T18:25:03-05:00,4a3cf0bf-7d1b-4cb8-b654-90a41fcb83d8,DUO585405,1001723.21,999996.29,0.00,0.00,3.88,999996.29,3999985.17,999996.29
2026-01-30T18:30:02-05:00,d61f8ebd-7fe2-43b8-9c98-26e6df8d405f,DUO585405,1001723.21,999996.29,0.00,0.00,3.88,999996.29,3999985.17,999996.29
2026-01-30T18:35:03-05:00,0a12638e-fe57-484a-a626-ddbc812196c2,DUO585405,1001723.21,999996.29,0.00,0.00,3.88,999996.29,3999985.17,999996.29
2026-01-30T18:40:02-05:00,e29fba80-8343-4a57-aa3d-fdf993b9c25d,DUO585405,1001723.21,999996.29,0.00,0.00,3.88,999996.29,3999985.17,999996.29
2026-01-30T18:45:03-05:00,2f6733da-98b1-4f7a-8d1e-7a117a191f7c,DUO585405,1001723.21,999996.29,0.00,0.00,3.88,999996.29,3999985.17,999996.29
2026-01-30T18:50:03-05:00,0bd3dc5c-c9f2-4b05-a6e4-a106b7b2a378,DUO585405,1001723.21,999996.29,0.00,0.00,3.88,999996.29,3999985.17,999996.29
2026-01-30T18:55:03-05:00,433ad916-355e-4007-99f1-783fed52090c,DUO585405,1001723.21,999996.29,0.00,0.00,3.88,999996.29,3999985.17,999996.29
2026-01-30T19:00:02-05:00,0a7a2400-28a7-4509-8cd2-c6e888c9e3b1,DUO585405,1001723.21,999996.29,0.00,0.00,3.88,999996.29,3999985.17,999996.29
2026-01-30T19:30:02-05:00,df965427-bfa1-43d0-986e-c75dcf460154,DUO585405,1001723.21,999996.29,0.00,0.00,3.88,999996.29,3999985.17,999996.29
2026-01-30T20:00:02-05:00,23783682-df8e-4101-b201-ad2f05cc6a72,DUO585405,1001723.21,999996.29,0.00,0.00,3.88,999996.29,3999985.17,999996.29
2026-01-30T20:30:02-05:00,ed8f042b-4b20-4243-8d0d-49c71508e953,DUO585405,1001723.21,999996.29,0.00,0.00,3.88,999996.29,3999985.17,999996.29
2026-01-30T21:00:02-05:00,2ad67556-792e-475f-8e16-75421fe663c3,DUO585405,1001723.21,999996.29,0.00,0.00,3.88,999996.29,3999985.17,999996.29
2026-01-30T21:30:06-05:00,edc6486e-6ca5-4614-8e57-5ee6ec429a78,DUO585405,1001723.21,999996.29,0.00,0.00,3.88,999996.29,3999985.17,999996.29
2026-01-30T22:00:02-05:00,618eb477-3d46-45db-b23f-cd1d70c42554,DUO585405,1001723.21,999996.29,0.00,0.00,3.88,999996.29,3999985.17,999996.29
2026-01-30T22:30:02-05:00,33d0b3f7-3f10-40d5-b662-6daf19d42157,DUO585405,1001723.21,999996.29,0.00,0.00,3.88,999996.29,3999985.17,999996.29
2026-01-30T23:00:06-05:00,6e37b3a9-8560-461b-a4e4-2cf556acb988,DUO585405,1001809.56,999996.29,0.00,0.00,0.00,999996.29,3999985.16,999996.29
2026-01-30T23:30:02-05:00,6fee72ea-a20c-428f-af3d-1ee9072d7ca8,DUO585405,1001809.56,999996.29,0.00,0.00,0.00,999996.29,3999985.16,999996.29
2026-01-31T00:00:02-05:00,4f75e0c5-7fde-4e64-8f45-781a0dfb723f,DUO585405,1001809.56,999996.29,0.00,0.00,0.00,999996.29,3999985.16,999996.29
2026-01-31T08:29:47-05:00,7d62b269-112b-471e-91bc-85e4a3dd41e1,DUO585405,1001809.56,999996.29,0.00,0.00,0.00,999996.29,3999985.16,999996.29
2026-01-31T08:30:01-05:00,a02a5a5b-7d2f-43b8-91fb-3da94d6a0b4d,DUO585405,1001809.56,999996.29,0.00,0.00,0.00,999996.29,3999985.16,999996.29
2026-01-31T08:35:02-05:00,0b5710bf-7393-4c21-9c51-c1b3a057bafa,DUO585405,1001809.56,999996.29,0.00,0.00,0.00,999996.29,3999985.16,999996.29
2026-01-31T08:40:02-05:00,ca5bc904-757d-4916-99cb-6377bb395a39,DUO585405,1001809.56,999996.29,0.00,0.00,0.00,999996.29,3999985.16,999996.29
2026-01-31T08:45:02-05:00,9acd5859-616e-42bb-b70f-fa6ac471cf6f,DUO585405,1001809.56,999996.29,0.00,0.00,0.00,999996.29,3999985.16,999996.29
2026-01-31T09:20:02-05:00,095af1ee-f241-434e-a73a-fc38bf0852e1,DUO585405,1001809.56,999996.29,0.00,0.00,0.00,999996.29,3999985.16,999996.29
2026-01-31T09:25:02-05:00,d34205f4-f3d9-47a0-a90a-07b6609e969d,DUO585405,1001809.56,999996.29,0.00,0.00,0.00,999996.29,3999985.16,999996.29
2026-01-31T09:30:05-05:00,19e8c85d-084b-4794-8ad0-9516047f58a3,DUO585405,1001809.56,999996.29,0.00,0.00,0.00,999996.29,3999985.16,999996.29
2026-01-31T12:00:55-05:00,319b4bc0-a1e3-439a-ac72-e6e9574fb431,DUO585405,1001809.56,999996.29,0.00,0.00,0.00,999996.29,3999985.16,999996.29
2026-01-31T12:05:03-05:00,d69c60ed-c15d-4357-9006-38a90115a5ae,DUO585405,1001809.56,999996.29,0.00,0.00,0.00,999996.29,3999985.16,999996.29
2026-01-31T12:10:03-05:00,3b9a73a1-2609-404b-8837-5bd7df37c813,DUO585405,1001809.56,999996.29,0.00,0.00,0.00,999996.29,3999985.16,999996.29
2026-01-31T12:15:03-05:00,fe9507bb-86c0-4d2b-b9c0-21094aef8c5a,DUO585405,1001809.56,999996.29,0.00,0.00,0.00,999996.29,3999985.16,999996.29
2026-01-31T12:20:03-05:00,1a9b3051-104a-4db1-ba1a-6f6cc9b8e3a4,DUO585405,1001809.56,999996.29,0.00,0.00,0.00,999996.29,3999985.16,999996.29
2026-01-31T12:25:03-05:00,416f153e-b53d-48db-870a-9464eecfbfef,DUO585405,1001809.56,999996.29,0.00,0.00,0.00,999996.29,3999985.16,999996.29
2026-01-31T12:30:02-05:00,73be2c7b-4e09-46d8-8ba5-cc2255a33f46,DUO585405,1001809.56,999996.29,0.00,0.00,0.00,999996.29,3999985.16,999996.29
2026-01-31T12:35:03-05:00,75495245-d008-4f09-913a-09d53cc1639f,DUO585405,1001809.56,999996.29,0.00,0.00,0.00,999996.29,3999985.16,999996.29
2026-01-31T12:40:03-05:00,307091dd-75fd-483d-8d07-03712dd53979,DUO585405,1001809.56,999996.29,0.00,0.00,0.00,999996.29,3999985.16,999996.29
2026-01-31T12:45:03-05:00,ffaaba6b-4cb3-4364-9d26-52e3a28c2249,DUO585405,1001809.56,999996.29,0.00,0.00,0.00,999996.29,3999985.16,999996.29
2026-01-31T12:50:03-05:00,c4f7fe52-eebe-447f-a2d5-dc8a2b1bd51c,DUO585405,1001809.56,999996.29,0.00,0.00,0.00,999996.29,3999985.16,999996.29
2026-01-31T12:55:03-05:00,4db61cbc-473a-43ae-9502-0e2d4ce35d9c,DUO585405,1001809.56,999996.29,0.00,0.00,0.00,999996.29,3999985.16,999996.29
2026-01-31T13:00:02-05:00,85336251-6cab-47cc-943e-9f65365ef713,DUO585405,1001809.56,999996.29,0.00,0.00,0.00,999996.29,3999985.16,999996.29
2026-01-31T13:05:03-05:00,44e7c738-cf7c-4a33-b8f0-17fa9efeee62,DUO585405,1001809.56,999996.29,0.00,0.00,0.00,999996.29,3999985.16,999996.29
2026-01-31T13:10:03-05:00,cd643ea2-89e8-4358-b59a-4ed663e11051,DUO585405,1001809.56,999996.29,0.00,0.00,0.00,999996.29,3999985.16,999996.29
2026-01-31T13:15:03-05:00,afedb92d-82df-475f-a835-40a126e94234,DUO585405,1001809.56,999996.29,0.00,0.00,0.00,999996.29,3999985.16,999996.29
2026-01-31T13:20:03-05:00,c7c5e671-8d12-43ed-8d63-0cc3c3d4992f,DUO585405,1001809.56,999996.29,0.00,0.00,0.00,999996.29,3999985.16,999996.29
2026-01-31T13:25:03-05:00,c8b4c3c4-295e-4574-aae0-b20e188b3cf4,DUO585405,1001809.56,999996.29,0.00,0.00,0.00,999996.29,3999985.16,999996.29
2026-01-31T13:30:02-05:00,df3d76ac-d76c-4353-a31c-a3b0a927a993,DUO585405,1001809.56,999996.29,0.00,0.00,0.00,999996.29,3999985.16,999996.29
2026-01-31T13:35:02-05:00,fdd2943b-5d0d-4fa4-9450-dd0205d5afa6,DUO585405,1001809.56,999996.29,0.00,0.00,0.00,999996.29,3999985.16,999996.29
2026-01-31T13:40:03-05:00,45e915e0-be33-4fd1-9987-47a4ee3130b6,DUO585405,1001809.56,999996.29,0.00,0.00,0.00,999996.29,3999985.16,999996.29
2026-01-31T13:45:03-05:00,7f171aca-b14a-46f6-b5f3-9150f1367582,DUO585405,1001809.56,999996.29,0.00,0.00,0.00,999996.29,3999985.16,999996.29
2026-01-31T13:50:03-05:00,061a069c-c48c-4cef-b302-21cfd0cef2af,DUO585405,1001809.56,999996.29,0.00,0.00,0.00,999996.29,3999985.16,999996.29
2026-01-31T13:55:03-05:00,bffa54b2-1a8d-4e7e-83b7-ad118a1e15e2,DUO585405,1001809.56,999996.29,0.00,0.00,0.00,999996.29,3999985.16,999996.29
2026-01-31T14:00:02-05:00,0159b2ef-afdb-4bc8-9c95-d8af81966ec3,DUO585405,1001809.56,999996.29,0.00,0.00,0.00,999996.29,3999985.16,999996.29
2026-01-31T14:05:02-05:00,dad30386-aacd-4a94-99a8-926ecc150c4f,DUO585405,1001809.56,999996.29,0.00,0.00,0.00,999996.29,3999985.16,999996.29
2026-01-31T14:10:03-05:00,615002a7-a44d-4f5e-8ae7-3b6dfd671c96,DUO585405,1001809.56,999996.29,0.00,0.00,0.00,999996.29,3999985.16,999996.29
2026-01-31T14:15:03-05:00,a1b3b4f2-95d8-434d-8d42-a639ddffe02a,DUO585405,1001809.56,999996.29,0.00,0.00,0.00,999996.29,3999985.16,999996.29
2026-01-31T14:20:02-05:00,537c18c0-0860-4c4c-9dc5-817edc168ec0,DUO585405,1001809.56,999996.29,0.00,0.00,0.00,999996.29,3999985.16,999996.29
2026-01-31T14:25:03-05:00,4d558bf4-fa53-4e4a-9ffb-8dd4026fd24e,DUO585405,1001809.56,999996.29,0.00,0.00,0.00,999996.29,3999985.16,999996.29
2026-01-31T14:30:02-05:00,fc8eca67-8d35-4d3b-a888-c317b059ac75,DUO585405,1001809.56,999996.29,0.00,0.00,0.00,999996.29,3999985.16,999996.29
2026-01-31T14:35:02-05:00,ea89643d-6c46-406b-96cc-cde5231162c7,DUO585405,1001809.56,999996.29,0.00,0.00,0.00,999996.29,3999985.16,999996.29
2026-01-31T14:40:02-05:00,76fde543-c189-4ee5-8c4a-32b408b9a895,DUO585405,1001809.56,999996.29,0.00,0.00,0.00,999996.29,3999985.16,999996.29
2026-01-31T14:45:02-05:00,c36998d6-e364-4c44-9a46-b2dcf9c14cdb,DUO585405,1001809.56,999996.29,0.00,0.00,0.00,999996.29,3999985.16,999996.29
2026-01-31T14:50:03-05:00,1c416099-dfff-483d-b00f-89ae9482ce57,DUO585405,1001809.56,999996.29,0.00,0.00,0.00,999996.29,3999985.16,999996.29
2026-01-31T14:55:03-05:00,520bc492-b956-4ffb-a262-88f408c2a94d,DUO585405,1001809.56,999996.29,0.00,0.00,0.00,999996.29,3999985.16,999996.29
2026-01-31T15:00:02-05:00,ebae9529-a798-42cf-b372-6cb7cfe5f7df,DUO585405,1001809.56,999996.29,0.00,0.00,0.00,999996.29,3999985.16,999996.29
2026-01-31T15:05:03-05:00,85af3eb7-c394-44d0-a145-19607d83a8ed,DUO585405,1001809.56,999996.29,0.00,0.00,0.00,999996.29,3999985.16,999996.29
2026-01-31T15:10:08-05:00,83803b57-c02f-4ea2-8c87-d4461e8e0e25,DUO585405,1001809.56,999996.29,0.00,0.00,0.00,999996.29,3999985.16,999996.29
2026-01-31T15:15:05-05:00,00794ec3-e084-471b-ab2a-6e73b46f34b8,DUO585405,1001809.56,999996.29,0.00,0.00,0.00,999996.29,3999985.16,999996.29
2026-01-31T15:20:05-05:00,03ae89bf-7406-493f-a978-374e0e4ccdb4,DUO585405,1001809.56,999996.29,0.00,0.00,0.00,999996.29,3999985.16,999996.29
2026-01-31T15:25:05-05:00,b679d7d8-d2d0-487d-8d22-83456d82ec8b,DUO585405,1001809.56,999996.29,0.00,0.00,0.00,999996.29,3999985.16,999996.29
2026-01-31T15:30:04-05:00,44baba31-ab59-47ea-8f01-fb604d61b617,DUO585405,1001809.56,999996.29,0.00,0.00,0.00,999996.29,3999985.16,999996.29
2026-01-31T15:35:05-05:00,48215677-0188-40c3-965f-7cdf884d8cb6,DUO585405,1001809.56,999996.29,0.00,0.00,0.00,999996.29,3999985.16,999996.29
2026-01-31T15:40:04-05:00,b9098cab-3b7c-4dc9-af3a-6ac3829e9d30,DUO585405,1001809.56,999996.29,0.00,0.00,0.00,999996.29,3999985.16,999996.29
2026-01-31T15:45:05-05:00,b9c5792b-dc36-479e-a3d9-9210c950d116,DUO585405,1001809.56,999996.29,0.00,0.00,0.00,999996.29,3999985.16,999996.29
2026-01-31T15:50:04-05:00,81790a96-8424-459a-a02f-b6b696ba47be,DUO585405,1001809.56,999996.29,0.00,0.00,0.00,999996.29,3999985.16,999996.29
2026-01-31T15:55:04-05:00,be952113-9376-4747-aac5-95e908b98bc9,DUO585405,1001809.56,999996.29,0.00,0.00,0.00,999996.29,3999985.16,999996.29
2026-01-31T16:00:02-05:00,8fb08317-cdcb-42df-b7f1-1543519b5e8b,DUO585405,1001809.56,999996.29,0.00,0.00,0.00,999996.29,3999985.16,999996.29
2026-01-31T16:05:03-05:00,a00151d2-e87d-40f4-becf-945812f90fd9,DUO585405,1001809.56,999996.29,0.00,0.00,0.00,999996.29,3999985.16,999996.29
2026-01-31T16:10:03-05:00,d2e6e09c-0fd7-41d1-8816-61fe80649662,DUO585405,1001809.56,999996.29,0.00,0.00,0.00,999996.29,3999985.16,999996.29
2026-01-31T16:15:03-05:00,80bc56de-7d67-4cc7-946c-b996821175d6,DUO585405,1001809.56,999996.29,0.00,0.00,0.00,999996.29,3999985.16,999996.29
2026-01-31T16:20:03-05:00,d6b743d4-d133-4f95-b0fd-e5f44602613d,DUO585405,1001809.56,999996.29,0.00,0.00,0.00,999996.29,3999985.16,999996.29
2026-01-31T16:25:03-05:00,205693fa-08cd-49f9-b0a6-ccd12c247f1e,DUO585405,1001809.56,999996.29,0.00,0.00,0.00,999996.29,3999985.16,999996.29
2026-01-31T16:30:04-05:00,f3655e21-1de4-412d-8635-73189968ae56,DUO585405,1001809.56,999996.29,0.00,0.00,0.00,999996.29,3999985.16,999996.29
2026-01-31T16:35:03-05:00,b1f49c61-8d28-4a06-a593-7844f8a30e0d,DUO585405,1001809.56,999996.29,0.00,0.00,0.00,999996.29,3999985.16,999996.29
2026-01-31T16:40:04-05:00,88ffc579-5bf9-4405-8fcf-c5b158fd46bf,DUO585405,1001809.56,999996.29,0.00,0.00,0.00,999996.29,3999985.16,999996.29
2026-01-31T16:45:04-05:00,190504c9-b0fc-4a61-b7e3-ae1b1b8d508d,DUO585405,1001809.56,999996.29,0.00,0.00,0.00,999996.29,3999985.16,999996.29
2026-01-31T16:50:04-05:00,77ec9b28-422b-4047-86e4-d0c5ecf674f1,DUO585405,1001809.56,999996.29,0.00,0.00,0.00,999996.29,3999985.16,999996.29
2026-01-31T16:55:04-05:00,871a01cd-5558-4d58-a80e-5a66f6cf4949,DUO585405,1001809.56,999996.29,0.00,0.00,0.00,999996.29,3999985.16,999996.29
2026-01-31T17:00:03-05:00,064ac7e7-7f18-447e-8c89-a65ebb58d4b3,DUO585405,1001809.56,999996.29,0.00,0.00,0.00,999996.29,3999985.16,999996.29
2026-01-31T17:05:03-05:00,1fc42ce4-8601-4f6e-b96a-ceeed88abc1c,DUO585405,1001809.56,999996.29,0.00,0.00,0.00,999996.29,3999985.16,999996.29
2026-01-31T17:10:04-05:00,b4c76796-4640-42d1-b312-63231b80f71e,DUO585405,1001809.56,999996.29,0.00,0.00,0.00,999996.29,3999985.16,999996.29
2026-01-31T17:15:04-05:00,26ef0db8-1156-4e95-9bcf-fd4e6ffcbf03,DUO585405,1001809.56,999996.29,0.00,0.00,0.00,999996.29,3999985.16,999996.29
2026-01-31T17:20:04-05:00,fc70e0cc-b388-4242-9974-11dc0270caf1,DUO585405,1001809.56,999996.29,0.00,0.00,0.00,999996.29,3999985.16,999996.29
2026-01-31T17:25:04-05:00,f08aaeb7-efe4-4826-938c-8d692b2218b6,DUO585405,1001809.56,999996.29,0.00,0.00,0.00,999996.29,3999985.16,999996.29
2026-01-31T17:30:03-05:00,b78dbe7a-9e43-4ced-9a52-20f9d4f384ce,DUO585405,1001809.56,999996.29,0.00,0.00,0.00,999996.29,3999985.16,999996.29
2026-01-31T17:35:04-05:00,cc2978c5-be88-4349-80eb-fef125d4f141,DUO585405,1001809.56,999996.29,0.00,0.00,0.00,999996.29,3999985.16,999996.29
2026-01-31T17:40:04-05:00,0fb59554-48c1-4d39-8f7a-d6f9d262ded5,DUO585405,1001809.56,999996.29,0.00,0.00,0.00,999996.29,3999985.16,999996.29
2026-01-31T17:45:03-05:00,801ea05e-9245-425b-8e9a-5beb3009f96a,DUO585405,1001809.56,999996.29,0.00,0.00,0.00,999996.29,3999985.16,999996.29
2026-01-31T17:50:03-05:00,67cfd24f-eda3-4d57-8b41-cdc3001310a9,DUO585405,1001809.56,999996.29,0.00,0.00,0.00,999996.29,3999985.16,999996.29
2026-01-31T17:55:02-05:00,90eca089-fe2b-41b4-9d44-ee9ea1e31421,DUO585405,1001809.56,999996.29,0.00,0.00,0.00,999996.29,3999985.16,999996.29
2026-01-31T18:00:03-05:00,da94c5ff-3676-4ac4-8cc9-792fa43ea92b,DUO585405,1001809.56,999996.29,0.00,0.00,0.00,999996.29,3999985.16,999996.29
2026-01-31T18:05:04-05:00,eb2a0e75-4fe0-498c-9705-817aa3d95b6d,DUO585405,1001809.56,999996.29,0.00,0.00,0.00,999996.29,3999985.16,999996.29
2026-01-31T18:10:02-05:00,3c425eed-bc80-44cc-8b79-e613c054b711,DUO585405,1001809.56,999996.29,0.00,0.00,0.00,999996.29,3999985.16,999996.29
2026-01-31T18:15:04-05:00,43dc2cd9-1986-4c72-86a2-86325936e8ab,DUO585405,1001809.56,999996.29,0.00,0.00,0.00,999996.29,3999985.16,999996.29
2026-01-31T18:20:04-05:00,2f5a9829-2b62-430d-a3a9-f8aca17436d9,DUO585405,1001809.56,999996.29,0.00,0.00,0.00,999996.29,3999985.16,999996.29
2026-01-31T18:25:04-05:00,d6079122-d82a-46fc-9082-9b9cc14e856d,DUO585405,1001809.56,999996.29,0.00,0.00,0.00,999996.29,3999985.16,999996.29
2026-01-31T18:30:03-05:00,aa2c99d7-ced1-48d2-9dba-0a5bbcb57b02,DUO585405,1001809.56,999996.29,0.00,0.00,0.00,999996.29,3999985.16,999996.29
2026-01-31T18:35:03-05:00,c3a7ac83-cd66-4b61-9a38-9cd05b6aa8c3,DUO585405,1001809.56,999996.29,0.00,0.00,0.00,999996.29,3999985.16,999996.29
2026-01-31T18:40:02-05:00,86685550-7fe7-401a-89d0-d3695457538d,DUO585405,1001809.56,999996.29,0.00,0.00,0.00,999996.29,3999985.16,999996.29
2026-01-31T18:45:02-05:00,47fbcd22-f47e-4aaa-b55c-a7c6d3e731bd,DUO585405,1001809.56,999996.29,0.00,0.00,0.00,999996.29,3999985.16,999996.29
2026-01-31T18:50:04-05:00,ebc90210-9a77-44da-9218-7b33d9c2f06d,DUO585405,1001809.56,999996.29,0.00,0.00,0.00,999996.29,3999985.16,999996.29
2026-01-31T18:55:04-05:00,a536c10d-0bf7-401c-aef2-7b752da0b209,DUO585405,1001809.56,999996.29,0.00,0.00,0.00,999996.29,3999985.16,999996.29
2026-01-31T19:00:03-05:00,4a7ac2ba-4177-47fd-bf9a-8de4c8c62d7e,DUO585405,1001809.56,999996.29,0.00,0.00,0.00,999996.29,3999985.16,999996.29
2026-01-31T19:05:04-05:00,3648ce8d-4aad-4880-badd-6c8b75a6750a,DUO585405,1001809.56,999996.29,0.00,0.00,0.00,999996.29,3999985.16,999996.29
2026-01-31T19:10:04-05:00,7c62a677-1be0-4d22-86d5-3197cd2cce8c,DUO585405,1001809.56,999996.29,0.00,0.00,0.00,999996.29,3999985.16,999996.29
2026-01-31T19:15:05-05:00,c98bccaf-bcc5-43c5-97e3-647583eaf67e,DUO585405,1001809.56,999996.29,0.00,0.00,0.00,999996.29,3999985.16,999996.29
2026-01-31T19:20:04-05:00,06941076-5032-4d53-8383-859c0560d974,DUO585405,1001809.56,999996.29,0.00,0.00,0.00,999996.29,3999985.16,999996.29
2026-01-31T19:25:04-05:00,8bf353f8-49a2-493e-ac03-316638df799d,DUO585405,1001809.56,999996.29,0.00,0.00,0.00,999996.29,3999985.16,999996.29
2026-01-31T19:30:02-05:00,ea2a452d-d273-4b67-93af-9808a3a2ed55,DUO585405,1001809.56,999996.29,0.00,0.00,0.00,999996.29,3999985.16,999996.29
2026-01-31T19:35:04-05:00,a487fa25-75b1-479e-99d0-ddd92087e7cb,DUO585405,1001809.56,999996.29,0.00,0.00,0.00,999996.29,3999985.16,999996.29
2026-01-31T19:40:03-05:00,fa7bacd4-f8f5-4b0c-b4a4-5903cc5eaf54,DUO585405,1001809.56,999996.29,0.00,0.00,0.00,999996.29,3999985.16,999996.29
2026-01-31T19:45:04-05:00,ff54f13e-0608-4a08-a388-11717db0e3ce,DUO585405,1001809.56,999996.29,0.00,0.00,0.00,999996.29,3999985.16,999996.29
2026-01-31T19:50:04-05:00,51afbff7-dbfe-4caa-bc01-cdacba4261e6,DUO585405,1001809.56,999996.29,0.00,0.00,0.00,999996.29,3999985.16,999996.29
2026-01-31T19:55:03-05:00,49d23e9d-0a1a-409e-90d2-c3646f29dcaa,DUO585405,1001809.56,999996.29,0.00,0.00,0.00,999996.29,3999985.16,999996.29
2026-01-31T20:00:02-05:00,13efef9f-6238-4e91-b3d4-7115a5019f98,DUO585405,1001809.56,999996.29,0.00,0.00,0.00,999996.29,3999985.16,999996.29
2026-01-31T20:05:03-05:00,ad005a3f-a11f-463b-bf26-3f91b435c34b,DUO585405,1001809.56,999996.29,0.00,0.00,0.00,999996.29,3999985.16,999996.29
2026-01-31T20:10:03-05:00,2cbadf41-135e-4022-94c4-3e2a007c99ae,DUO585405,1001809.56,999996.29,0.00,0.00,0.00,999996.29,3999985.16,999996.29
2026-01-31T20:15:03-05:00,276a4dd9-a57b-418f-98a2-1563133ec8cf,DUO585405,1001809.56,999996.29,0.00,0.00,0.00,999996.29,3999985.16,999996.29
2026-01-31T20:20:03-05:00,d34b22b5-a3d5-47ad-965d-c97e83704feb,DUO585405,1001809.56,999996.29,0.00,0.00,0.00,999996.29,3999985.16,999996.29
2026-01-31T20:30:02-05:00,3c3ebde1-a89b-46f9-8d36-3e1939c8bf7f,DUO585405,1001809.56,999996.29,0.00,0.00,0.00,999996.29,3999985.16,999996.29
2026-01-31T21:00:03-05:00,3075c2f1-f367-42c2-8e16-807e57947c2d,DUO585405,1001809.56,999996.29,0.00,0.00,0.00,999996.29,3999985.16,999996.29
2026-01-31T21:30:03-05:00,e4109b1d-f2d3-436e-a7fd-d81817594ec9,DUO585405,1001809.56,999996.29,0.00,0.00,0.00,999996.29,3999985.16,999996.29
2026-01-31T22:00:03-05:00,6f2d21cb-7fb4-4da5-8dac-915d630b1d9d,DUO585405,1001809.56,999996.29,0.00,0.00,0.00,999996.29,3999985.16,999996.29
2026-01-31T22:30:03-05:00,44febcd2-e2c2-414a-9f74-470e107c1760,DUO585405,1001809.56,999996.29,0.00,0.00,0.00,999996.29,3999985.16,999996.29
2026-01-31T23:00:02-05:00,6c779162-a4bf-4ad2-838f-4b1b86e6f195,DUO585405,1001809.56,999996.29,0.00,0.00,0.00,999996.29,3999985.16,999996.29
2026-01-31T23:30:04-05:00,c62d7da4-c582-4481-8735-5ff58698874a,DUO585405,1001809.56,999996.29,0.00,0.00,0.00,999996.29,3999985.16,999996.29
2026-02-01T00:00:08-05:00,5da45c0a-6cee-452b-9270-822d40328a10,DUO585405,1001809.56,999996.29,0.00,0.00,0.00,999996.29,3999985.16,999996.29
2026-02-01T00:30:03-05:00,4554443e-ad9f-4cfb-ba2c-adac0a1ed748,DUO585405,1001809.56,999996.29,0.00,0.00,0.00,999996.29,3999985.16,999996.29
2026-02-01T01:00:03-05:00,3697a240-fb63-4ae5-a640-f45051b9b52e,DUO585405,1001809.56,999996.29,0.00,0.00,0.00,999996.29,3999985.16,999996.29
2026-02-01T01:30:05-05:00,089d5ae9-d363-499d-8b4e-df8bf6432e6a,DUO585405,1001809.56,999996.29,0.00,0.00,0.00,999996.29,3999985.16,999996.29
2026-02-01T08:31:12-05:00,b6a5c2f2-0dca-43b0-b5db-15877fa2b067,DUO585405,1001809.56,999996.29,0.00,0.00,0.00,999996.29,3999985.16,999996.29
2026-02-01T08:35:02-05:00,3fbf608c-263f-4a27-98e7-78ebf57621ca,DUO585405,1001809.56,999996.29,0.00,0.00,0.00,999996.29,3999985.16,999996.29
2026-02-01T08:40:03-05:00,ac9a5544-94a8-4d14-b9d5-13bcb116bd3e,DUO585405,1001809.56,999996.29,0.00,0.00,0.00,999996.29,3999985.16,999996.29
2026-02-01T08:45:02-05:00,7fc046e8-5d8b-4e3a-9c38-61d2a97d3565,DUO585405,1001809.56,999996.29,0.00,0.00,0.00,999996.29,3999985.16,999996.29
2026-02-01T09:19:43-05:00,c57a352e-08b1-4f8d-bc14-5054decad80a,DUO585405,1001809.56,999996.29,0.00,0.00,0.00,999996.29,3999985.16,999996.29
2026-02-01T09:20:02-05:00,fd6ea978-f9fd-46da-a71e-3dd72b2bbd92,DUO585405,1001809.56,999996.29,0.00,0.00,0.00,999996.29,3999985.16,999996.29
2026-02-01T09:25:02-05:00,2b6f7290-1b3a-4d38-873a-85ca135aec2a,DUO585405,1001809.56,999996.29,0.00,0.00,0.00,999996.29,3999985.16,999996.29
2026-02-01T09:30:02-05:00,ff590a77-20aa-4aa4-a51e-19e214f2608b,DUO585405,1001809.56,999996.29,0.00,0.00,0.00,999996.29,3999985.16,999996.29
2026-02-01T11:03:00-05:00,5bc8a55a-7a1d-4556-846d-45cd0802fb61,DUO585405,1001809.56,999996.29,0.00,0.00,0.00,999996.29,3999985.16,999996.29
2026-02-01T11:05:02-05:00,bacfa8b8-ff8d-479d-9510-2f8d37e56252,DUO585405,1001809.56,999996.29,0.00,0.00,0.00,999996.29,3999985.16,999996.29
2026-02-01T11:10:02-05:00,072190e5-3cb3-44ea-8768-440c711ce555,DUO585405,1001809.56,999996.29,0.00,0.00,0.00,999996.29,3999985.16,999996.29
2026-02-01T11:15:02-05:00,326fd420-e494-4627-a245-25e098fff6ef,DUO585405,1001809.56,999996.29,0.00,0.00,0.00,999996.29,3999985.16,999996.29
2026-02-01T11:20:04-05:00,a07828c4-3578-4e28-b417-18d3a4a2f07d,DUO585405,1001809.56,999996.29,0.00,0.00,0.00,999996.29,3999985.16,999996.29
2026-02-01T11:25:03-05:00,fa6a855c-44c6-4796-937b-13549950c19b,DUO585405,1001809.56,999996.29,0.00,0.00,0.00,999996.29,3999985.16,999996.29
2026-02-01T11:30:02-05:00,6af7abae-76b5-411f-81f0-89bdbe6588bb,DUO585405,1001809.56,999996.29,0.00,0.00,0.00,999996.29,3999985.16,999996.29
2026-02-01T11:35:02-05:00,454d5396-c128-4bb5-bff4-716141fd59b5,DUO585405,1001809.56,999996.29,0.00,0.00,0.00,999996.29,3999985.16,999996.29
2026-02-01T11:40:03-05:00,c52c568a-09dd-42b3-9ab7-651a9dfdb3b9,DUO585405,1001809.56,999996.29,0.00,0.00,0.00,999996.29,3999985.16,999996.29
2026-02-01T11:45:02-05:00,c1dd0f46-99a6-49e5-93cf-ea5adf4f960f,DUO585405,1001809.56,999996.29,0.00,0.00,0.00,999996.29,3999985.16,999996.29
2026-02-01T11:50:02-05:00,6c3449ac-5ded-4d87-ab9e-db0f63fcd063,DUO585405,1001809.56,999996.29,0.00,0.00,0.00,999996.29,3999985.16,999996.29
2026-02-01T11:55:02-05:00,ca6b1377-7e1c-47b1-8e08-8070d9357f8e,DUO585405,1001809.56,999996.29,0.00,0.00,0.00,999996.29,3999985.16,999996.29
2026-02-01T12:00:02-05:00,0b6df135-f3cd-4186-bb8b-5ad29a65847c,DUO585405,1001809.56,999996.29,0.00,0.00,0.00,999996.29,3999985.16,999996.29
2026-02-01T12:05:03-05:00,45ea45f9-424b-4418-b445-92b9bc7a8919,DUO585405,1001809.56,999996.29,0.00,0.00,0.00,999996.29,3999985.16,999996.29
2026-02-01T12:10:04-05:00,beede98e-81b0-40e6-8380-925476ff5923,DUO585405,1001809.56,999996.29,0.00,0.00,0.00,999996.29,3999985.16,999996.29
2026-02-01T12:15:02-05:00,e732010a-7e39-451d-bd54-f9468e0b3177,DUO585405,1001809.56,999996.29,0.00,0.00,0.00,999996.29,3999985.16,999996.29
2026-02-01T12:20:02-05:00,6093025a-af28-40a0-8071-0f490c3784ba,DUO585405,1001809.56,999996.29,0.00,0.00,0.00,999996.29,3999985.16,999996.29
2026-02-01T12:25:02-05:00,d9969732-9e00-43ca-926d-b67041d87a2e,DUO585405,1001809.56,999996.29,0.00,0.00,0.00,999996.29,3999985.16,999996.29
2026-02-01T12:30:03-05:00,98d5605d-8f43-47e8-a6ee-9287acfac210,DUO585405,1001809.56,999996.29,0.00,0.00,0.00,999996.29,3999985.16,999996.29
2026-02-01T12:35:02-05:00,f57326ce-cc47-45e3-966b-ff2b8b81d393,DUO585405,1001809.56,999996.29,0.00,0.00,0.00,999996.29,3999985.16,999996.29
2026-02-01T12:40:02-05:00,ee56c413-9e30-40b9-baec-1567e110f847,DUO585405,1001809.56,999996.29,0.00,0.00,0.00,999996.29,3999985.16,999996.29
2026-02-01T12:45:03-05:00,293112e9-3b6b-4f4d-8b36-931054e89de2,DUO585405,1001809.56,999996.29,0.00,0.00,0.00,999996.29,3999985.16,999996.29
2026-02-01T12:50:04-05:00,c187f01c-a8b6-41ce-ac5a-603cc1784524,DUO585405,1001809.56,999996.29,0.00,0.00,0.00,999996.29,3999985.16,999996.29
2026-02-01T12:55:03-05:00,e37b189f-7fdf-49b9-9536-aa136d61df8b,DUO585405,1001809.56,999996.29,0.00,0.00,0.00,999996.29,3999985.16,999996.29
2026-02-01T13:00:03-05:00,f19f4cf2-cd08-4bae-ac57-607fb6d8748d,DUO585405,1001809.56,999996.29,0.00,0.00,0.00,999996.29,3999985.16,999996.29
2026-02-01T13:05:03-05:00,28202256-740a-4ddc-a520-e2bc3651d421,DUO585405,1001809.56,999996.29,0.00,0.00,0.00,999996.29,3999985.16,999996.29
2026-02-01T13:10:03-05:00,783c66d8-b0d3-4915-94db-5366f40adda0,DUO585405,1001809.56,999996.29,0.00,0.00,0.00,999996.29,3999985.16,999996.29
2026-02-01T13:15:07-05:00,024b858d-1ee6-4f02-a0e1-dd9a4dbe0318,DUO585405,1001809.56,999996.29,0.00,0.00,0.00,999996.29,3999985.16,999996.29
2026-02-01T13:20:02-05:00,33ad190f-0558-4b67-8d4c-74dfc6efd2d7,DUO585405,1001809.56,999996.29,0.00,0.00,0.00,999996.29,3999985.16,999996.29
2026-02-01T13:25:02-05:00,f64a59ae-ddce-4c95-8209-df966009bf2d,DUO585405,1001809.56,999996.29,0.00,0.00,0.00,999996.29,3999985.16,999996.29
2026-02-01T13:30:02-05:00,b61ae163-fc36-4390-b463-87a0304fd694,DUO585405,1001809.56,999996.29,0.00,0.00,0.00,999996.29,3999985.16,999996.29
2026-02-01T13:35:02-05:00,cbfc80ad-f25d-4f26-9189-a920e238fe87,DUO585405,1001809.56,999996.29,0.00,0.00,0.00,999996.29,3999985.16,999996.29
2026-02-01T13:40:02-05:00,a3250ca7-dd3e-4ba5-802e-6fd848753af9,DUO585405,1001809.56,999996.29,0.00,0.00,0.00,999996.29,3999985.16,999996.29
2026-02-01T13:45:04-05:00,b0f84fa5-2782-4eeb-9977-5a2ce64a2225,DUO585405,1001809.56,999996.29,0.00,0.00,0.00,999996.29,3999985.16,999996.29
2026-02-01T13:50:04-05:00,947a8d80-3242-4393-8c34-6b089ec619ef,DUO585405,1001809.56,999996.29,0.00,0.00,0.00,999996.29,3999985.16,999996.29
2026-02-01T13:55:16-05:00,0cddc8e9-6db7-4d73-b4f1-1e64ac894047,DUO585405,1001809.56,999996.29,0.00,0.00,0.00,999996.29,3999985.16,999996.29
2026-02-01T14:00:09-05:00,b96f77b6-7b9e-4d96-a41c-04b0ad1647d3,DUO585405,1001809.56,999996.29,0.00,0.00,0.00,999996.29,3999985.16,999996.29
2026-02-01T14:05:02-05:00,869c176d-5a78-4588-848a-412d6082b387,DUO585405,1001809.56,999996.29,0.00,0.00,0.00,999996.29,3999985.16,999996.29
2026-02-01T14:10:02-05:00,0fb2f730-a315-4ba8-b750-34cf0e5c71f2,DUO585405,1001809.56,999996.29,0.00,0.00,0.00,999996.29,3999985.16,999996.29
2026-02-01T14:15:02-05:00,8c1c225c-61f3-4b46-8d47-fa28c4cc43fd,DUO585405,1001809.56,999996.29,0.00,0.00,0.00,999996.29,3999985.16,999996.29
2026-02-01T14:20:02-05:00,a35b3f62-ace8-4830-8005-5ffc194dc04b,DUO585405,1001809.56,999996.29,0.00,0.00,0.00,999996.29,3999985.16,999996.29
2026-02-01T14:25:02-05:00,1c731551-7680-41e8-a97a-5dd677d7cbb5,DUO585405,1001809.56,999996.29,0.00,0.00,0.00,999996.29,3999985.16,999996.29
2026-02-01T14:30:02-05:00,76837db0-07d4-4ba1-b50a-7b22aea6d493,DUO585405,1001809.56,999996.29,0.00,0.00,0.00,999996.29,3999985.16,999996.29
2026-02-01T14:35:02-05:00,1ec0808e-5501-488b-a59d-00993e0b4adf,DUO585405,1001809.56,999996.29,0.00,0.00,0.00,999996.29,3999985.16,999996.29
2026-02-01T14:40:02-05:00,54675458-25a0-4d50-ab0d-be329130c7da,DUO585405,1001809.56,999996.29,0.00,0.00,0.00,999996.29,3999985.16,999996.29
2026-02-01T14:45:02-05:00,5f6d00ef-4cc3-4fa0-b74a-f9119999c1dd,DUO585405,1001809.56,999996.29,0.00,0.00,0.00,999996.29,3999985.16,999996.29
2026-02-01T14:50:02-05:00,ac038a6f-5934-42ae-8cf8-2c7b3b350923,DUO585405,1001809.56,999996.29,0.00,0.00,0.00,999996.29,3999985.16,999996.29
2026-02-01T14:55:02-05:00,fe9820de-db3c-434f-b737-2a37c7fa3959,DUO585405,1001809.56,999996.29,0.00,0.00,0.00,999996.29,3999985.16,999996.29
2026-02-01T15:00:02-05:00,686130a0-747c-45d4-8291-0f897bc8e7a1,DUO585405,1001809.56,999996.29,0.00,0.00,0.00,999996.29,3999985.16,999996.29
2026-02-01T15:05:02-05:00,791863b8-2762-4bc5-adec-4a3f7abf9e2e,DUO585405,1001809.56,999996.29,0.00,0.00,0.00,999996.29,3999985.16,999996.29
2026-02-01T15:10:02-05:00,6e374da2-7d56-44f7-b6c9-02ea66911808,DUO585405,1001809.56,999996.29,0.00,0.00,0.00,999996.29,3999985.16,999996.29
2026-02-01T15:15:03-05:00,01287eee-2d5e-4972-9852-990272d87871,DUO585405,1001809.56,999996.29,0.00,0.00,0.00,999996.29,3999985.16,999996.29
2026-02-01T15:20:03-05:00,16ccc599-862c-4620-83e4-9fa2ea39caaa,DUO585405,1001809.56,999996.29,0.00,0.00,0.00,999996.29,3999985.16,999996.29
2026-02-01T15:25:02-05:00,550e062c-8eba-4832-9b8e-797020766b19,DUO585405,1001809.56,999996.29,0.00,0.00,0.00,999996.29,3999985.16,999996.29
2026-02-01T15:30:02-05:00,4891d981-fc6a-4c01-8ab5-4c8b0a3acde3,DUO585405,1001809.56,999996.29,0.00,0.00,0.00,999996.29,3999985.16,999996.29
2026-02-01T15:35:02-05:00,49d7f861-e7e1-4bac-8df2-d54e568b7bff,DUO585405,1001809.56,999996.29,0.00,0.00,0.00,999996.29,3999985.16,999996.29
2026-02-01T15:40:03-05:00,cf8025fe-9b66-4776-b30e-1c52242d8504,DUO585405,1001809.56,999996.29,0.00,0.00,0.00,999996.29,3999985.16,999996.29
2026-02-01T15:45:03-05:00,0c42e707-75a6-4d4e-9844-685eebf4952e,DUO585405,1001809.56,999996.29,0.00,0.00,0.00,999996.29,3999985.16,999996.29
2026-02-01T15:50:02-05:00,837b2b2b-5038-4f1e-8c64-4245326cb0d0,DUO585405,1001809.56,999996.29,0.00,0.00,0.00,999996.29,3999985.16,999996.29
2026-02-01T15:55:03-05:00,bd3f4b76-3e55-4230-8930-0df7742b9300,DUO585405,1001809.56,999996.29,0.00,0.00,0.00,999996.29,3999985.16,999996.29
2026-02-01T16:00:02-05:00,0484a679-942c-4066-b217-71684d1567a4,DUO585405,1001809.56,999996.29,0.00,0.00,0.00,999996.29,3999985.16,999996.29
2026-02-01T16:05:03-05:00,801343f8-c9fa-4e16-ac4d-5377cc2e1ef1,DUO585405,1001809.56,999996.29,0.00,0.00,0.00,999996.29,3999985.16,999996.29
2026-02-01T16:10:03-05:00,3e465299-e07e-4b84-a1e6-b2ccbdcf88f9,DUO585405,1001809.56,999996.29,0.00,0.00,0.00,999996.29,3999985.16,999996.29
2026-02-01T16:15:02-05:00,fb8db04f-a436-442d-96cc-9a5b9b257097,DUO585405,1001809.56,999996.29,0.00,0.00,0.00,999996.29,3999985.16,999996.29
2026-02-01T16:20:03-05:00,09190aec-8721-4ef6-b89a-98cd0f915531,DUO585405,1001809.56,999996.29,0.00,0.00,0.00,999996.29,3999985.16,999996.29
2026-02-01T16:25:03-05:00,b28f18a9-86d8-4db9-90d4-d7fb8daa64c3,DUO585405,1001809.56,999996.29,0.00,0.00,0.00,999996.29,3999985.16,999996.29
2026-02-01T16:30:02-05:00,aec518de-9f83-4aef-aab4-d89016184df5,DUO585405,1001809.56,999996.29,0.00,0.00,0.00,999996.29,3999985.16,999996.29
2026-02-01T16:35:02-05:00,e373a5b6-4965-45a6-9145-884e2e1ae696,DUO585405,1001809.56,999996.29,0.00,0.00,0.00,999996.29,3999985.16,999996.29
2026-02-01T16:40:02-05:00,2b881d38-248e-4deb-9182-eeb066213503,DUO585405,1001809.56,999996.29,0.00,0.00,0.00,999996.29,3999985.16,999996.29
2026-02-01T16:45:02-05:00,f12a5bc3-d597-4755-bb37-5c52bb2632d8,DUO585405,1001809.56,999996.29,0.00,0.00,0.00,999996.29,3999985.16,999996.29
2026-02-01T16:50:03-05:00,13d79cb6-75e2-4eac-8abd-2737b27fe27c,DUO585405,1001809.56,999996.29,0.00,0.00,0.00,999996.29,3999985.16,999996.29
2026-02-01T16:55:03-05:00,d4923cd5-3620-477b-a073-bc9139c7e6aa,DUO585405,1001809.56,999996.29,0.00,0.00,0.00,999996.29,3999985.16,999996.29
2026-02-01T17:00:02-05:00,d07b9c18-66bb-46d1-a9a2-880608063181,DUO585405,1001809.56,999996.29,0.00,0.00,0.00,999996.29,3999985.16,999996.29
2026-02-01T17:05:03-05:00,c3351e83-9caf-4f71-8b7d-2e54978a2dfd,DUO585405,1001809.56,999996.29,0.00,0.00,0.00,999996.29,3999985.16,999996.29
2026-02-01T17:10:03-05:00,765174f7-efe9-4f55-b5b7-d02462afea06,DUO585405,1001809.56,999996.29,0.00,0.00,0.00,999996.29,3999985.16,999996.29
2026-02-01T17:15:03-05:00,4d3617f7-90c4-4111-8d2d-4c1b90a5fbac,DUO585405,1001809.56,999996.29,0.00,0.00,0.00,999996.29,3999985.16,999996.29
2026-02-01T17:20:03-05:00,d0ae0e79-05fe-454a-ac67-66b4011cfc71,DUO585405,1001809.56,999996.29,0.00,0.00,0.00,999996.29,3999985.16,999996.29
2026-02-01T17:25:03-05:00,08e1c3ee-e4ca-4c02-a27c-5eb89d0b3826,DUO585405,1001809.56,999996.29,0.00,0.00,0.00,999996.29,3999985.16,999996.29
2026-02-01T17:30:02-05:00,1e4a6aaa-d2f8-4a48-b7d1-53f640ac7418,DUO585405,1001809.56,999996.29,0.00,0.00,0.00,999996.29,3999985.16,999996.29
2026-02-01T17:35:03-05:00,772dd03a-cbe9-4001-b1df-a63a93617646,DUO585405,1001809.56,999996.29,0.00,0.00,0.00,999996.29,3999985.16,999996.29
2026-02-01T17:40:02-05:00,fb6b6c6a-2fba-4654-a785-de41b791e0a4,DUO585405,1001809.56,999996.29,0.00,0.00,0.00,999996.29,3999985.16,999996.29
2026-02-01T17:45:02-05:00,f3724caa-7bce-4fde-b6bb-278b1f18ea66,DUO585405,1001809.56,999996.29,0.00,0.00,0.00,999996.29,3999985.16,999996.29
2026-02-01T17:50:03-05:00,0d3de039-23f8-4457-81c5-d5a53ef6f6f7,DUO585405,1001809.56,999996.29,0.00,0.00,0.00,999996.29,3999985.16,999996.29
2026-02-01T17:55:03-05:00,1d5e8903-c556-4506-b98a-91a852c0a272,DUO585405,1001809.56,999996.29,0.00,0.00,0.00,999996.29,3999985.16,999996.29
2026-02-01T18:00:02-05:00,cf6d1814-0ecf-4c05-bc7f-2cec6aa6a00f,DUO585405,1001809.56,999996.29,0.00,0.00,0.00,999996.29,3999985.16,999996.29
2026-02-01T18:05:02-05:00,88842716-45b4-46de-b3d9-c2f1228706db,DUO585405,1001809.56,999996.29,0.00,0.00,0.00,999996.29,3999985.16,999996.29
2026-02-01T18:10:02-05:00,1e5eca7f-e21f-46df-a317-f1fd3d408894,DUO585405,1001809.56,999996.29,0.00,0.00,0.00,999996.29,3999985.16,999996.29
2026-02-01T18:15:02-05:00,a7120b1b-cbb4-4749-bb15-e9e727fd5365,DUO585405,1001809.56,999996.29,0.00,0.00,0.00,999996.29,3999985.16,999996.29
2026-02-01T18:20:02-05:00,856aaf8f-3b71-4c47-8107-2db71bd3ca02,DUO585405,1001809.56,999996.29,0.00,0.00,0.00,999996.29,3999985.16,999996.29
2026-02-01T18:25:02-05:00,a5427756-cbc9-4ec5-91f9-ecfe777abf53,DUO585405,1001809.56,999996.29,0.00,0.00,0.00,999996.29,3999985.16,999996.29
2026-02-01T18:30:02-05:00,3d7845d3-544b-412a-9a44-fb931be66d9d,DUO585405,1001809.56,999996.29,0.00,0.00,0.00,999996.29,3999985.16,999996.29
2026-02-01T18:35:02-05:00,4176e914-1cd4-4db3-97e4-535da892b644,DUO585405,1001809.56,999996.29,0.00,0.00,0.00,999996.29,3999985.16,999996.29
2026-02-01T18:40:02-05:00,34b76511-1823-4d15-8b3e-b3ba5578c057,DUO585405,1001809.56,999996.29,0.00,0.00,0.00,999996.29,3999985.16,999996.29
2026-02-01T18:45:03-05:00,d2f43053-3d3e-4c62-be88-10cff80df5bb,DUO585405,1001809.56,999996.29,0.00,0.00,0.00,999996.29,3999985.16,999996.29
2026-02-01T18:50:02-05:00,fec0575c-0bf0-40ce-a629-8d94147604e6,DUO585405,1001809.56,999996.29,0.00,0.00,0.00,999996.29,3999985.16,999996.29
2026-02-01T18:55:02-05:00,cb18f7a1-e514-475a-bbab-8b5254b5ebf1,DUO585405,1001809.56,999996.29,0.00,0.00,0.00,999996.29,3999985.16,999996.29
2026-02-01T19:00:02-05:00,8fe31e77-59f4-4839-afae-7973b0bfe993,DUO585405,1001809.56,999996.29,0.00,0.00,0.00,999996.29,3999985.16,999996.29
2026-02-01T19:05:06-05:00,042a3f65-3530-412a-ad43-bfe6f08eb626,DUO585405,1001809.56,999996.29,0.00,0.00,0.00,999996.29,3999985.16,999996.29
2026-02-01T19:10:02-05:00,3dc05b24-8881-4a1d-9990-bfb33c79240e,DUO585405,1001809.56,999996.29,0.00,0.00,0.00,999996.29,3999985.16,999996.29
2026-02-01T19:15:02-05:00,67c903f1-c4da-4b54-9669-5f8b31555883,DUO585405,1001809.56,999996.29,0.00,0.00,0.00,999996.29,3999985.16,999996.29
2026-02-01T19:20:02-05:00,5d330878-f47e-4d2b-ba1d-963af793d5b6,DUO585405,1001809.56,999996.29,0.00,0.00,0.00,999996.29,3999985.16,999996.29
2026-02-01T19:30:03-05:00,a9ed860b-2359-4178-be3f-d413dab1c5f9,DUO585405,1001809.56,999996.29,0.00,0.00,0.00,999996.29,3999985.16,999996.29
2026-02-01T20:00:03-05:00,5e8f8384-bb98-470d-b837-a76275e9e0a6,DUO585405,1001809.56,999996.29,0.00,0.00,0.00,999996.29,3999985.16,999996.29
2026-02-01T20:30:03-05:00,5a0c59ca-2833-4ad6-93c4-ea83aa679545,DUO585405,1001809.56,999996.29,0.00,0.00,0.00,999996.29,3999985.16,999996.29
2026-02-01T20:40:00-05:00,8c3e5691-fac8-4d17-8780-4aec6ebc3d2e,DUO585405,1001809.56,999996.29,0.00,0.00,0.00,999996.29,3999985.16,999996.29
2026-02-01T21:00:03-05:00,1b4f7c89-1d64-404a-a354-06a0cc1be239,DUO585405,1001809.56,999996.29,0.00,0.00,0.00,999996.29,3999985.16,999996.29
2026-02-01T21:30:03-05:00,bfad23cc-d847-4bc5-b922-818cb6eb964f,DUO585405,1001809.56,999996.29,0.00,0.00,0.00,999996.29,3999985.16,999996.29
2026-02-01T22:00:02-05:00,13330f53-aa82-4c9a-990c-7627969add7d,DUO585405,1001809.56,999996.29,0.00,0.00,0.00,999996.29,3999985.16,999996.29
2026-02-01T22:30:03-05:00,913d9da2-e0c5-4949-b569-2bf63bfbc674,DUO585405,1001809.56,999996.29,0.00,0.00,0.00,999996.29,3999985.16,999996.29
2026-02-01T23:00:02-05:00,739a560c-7de4-42a6-8cde-4f8a56652e3e,DUO585405,1001809.56,999996.29,0.00,0.00,0.00,999996.29,3999985.16,999996.29
2026-02-01T23:30:02-05:00,ce557564-63eb-40f7-ac82-f7db985cd4a9,DUO585405,1001809.56,999996.29,0.00,0.00,0.00,999996.29,3999985.16,999996.29
2026-02-02T00:00:02-05:00,ea1ef288-97f8-47d7-9fa8-8193dd68d07f,DUO585405,1001809.56,999996.29,0.00,0.00,0.00,999996.29,3999985.16,999996.29
2026-02-02T08:30:00-05:00,9454ecc3-8a54-42fe-a42b-c1158be97fef,DUO585405,1001809.56,999996.29,0.00,0.00,0.00,999996.29,3999985.16,999996.29
2026-02-02T08:35:37-05:00,06ac8ebb-f486-47f8-895e-2505a51cb079,DUO585405,1001809.56,999996.29,0.00,0.00,0.00,999996.29,3999985.16,999996.29
2026-02-02T08:40:06-05:00,5f3d614b-6ee4-487e-ac4b-169530b531b2,DUO585405,1001809.56,999996.29,0.00,0.00,0.00,999996.29,3999985.16,999996.29
2026-02-02T08:45:03-05:00,75d43726-6a70-418f-96fe-c4631d399151,DUO585405,1001809.56,999996.29,0.00,0.00,0.00,999996.29,3999985.16,999996.29
2026-02-02T08:56:38-05:00,bee35f4a-b336-4e37-8b69-a78427c2c3c6,DUO585405,1001809.56,999996.29,0.00,0.00,0.00,999996.29,3999985.16,999996.29
2026-02-02T09:00:02-05:00,405fb046-7772-43a7-8070-e0b30503d303,DUO585405,1001809.56,999996.29,0.00,0.00,0.00,999996.29,3999985.16,999996.29
2026-02-02T09:05:03-05:00,bde455fa-0acf-4df9-9d1b-ce78d6a19eb4,DUO585405,1001809.56,999996.29,0.00,0.00,0.00,999996.29,3999985.16,999996.29
2026-02-02T09:10:02-05:00,e3ad3598-294f-4991-a22a-c98fa700c0f2,DUO585405,1001809.56,999996.29,0.00,0.00,0.00,999996.29,3999985.16,999996.29
2026-02-02T09:15:02-05:00,e77ecc24-67a6-41d2-8816-da2d09a3a3c5,DUO585405,1001809.56,999996.29,0.00,0.00,0.00,999996.29,3999985.16,999996.29
2026-02-02T09:20:12-05:00,381067cb-b53a-4727-8755-e64cefd3b237,DUO585405,1001809.56,999996.29,0.00,0.00,0.00,999996.29,3999985.16,999996.29
2026-02-02T09:25:02-05:00,84a90b52-7bfd-4e68-972d-985f2f104579,DUO585405,1001809.56,999996.29,0.00,0.00,0.00,999996.29,3999985.16,999996.29
2026-02-02T09:30:02-05:00,af6be11b-22c8-4e77-8dd5-cf5b27e563da,DUO585405,1001809.56,999996.29,0.00,0.00,0.00,999996.29,3999985.16,999996.29
2026-02-02T09:35:02-05:00,125c4128-fa3d-417b-8230-f1f6dced6d96,DUO585405,1001809.56,999996.29,0.00,0.00,0.00,999996.29,3999985.16,999996.29
2026-02-02T13:56:51-05:00,d883d37a-678e-446a-8ac9-41eb200766e3,DUO585405,1001809.56,999996.29,0.00,0.00,0.00,999996.29,3999985.16,999996.29
2026-02-02T14:00:02-05:00,282aea77-5955-4186-b69b-87871d693421,DUO585405,1001809.56,999996.29,0.00,0.00,0.00,999996.29,3999985.16,999996.29
2026-02-02T14:05:03-05:00,05fd174c-1bca-4849-a05f-a7a9a5decb7c,DUO585405,1001809.56,999996.29,0.00,0.00,0.00,999996.29,3999985.16,999996.29
2026-02-02T14:10:02-05:00,48450fde-7739-49fd-89dd-98ad169618a0,DUO585405,1001809.56,999996.29,0.00,0.00,0.00,999996.29,3999985.16,999996.29
2026-02-02T14:15:02-05:00,75a5cae2-4ce0-4549-98b8-79a190edc36a,DUO585405,1001809.56,999996.29,0.00,0.00,0.00,999996.29,3999985.16,999996.29
2026-02-02T14:20:02-05:00,7b773112-48f7-4765-ab18-805decd9cbc6,DUO585405,1001809.56,999996.29,0.00,0.00,0.00,999996.29,3999985.16,999996.29
2026-02-02T14:25:02-05:00,25462f2f-d760-4439-a72b-c2bd58a00e95,DUO585405,1001809.56,999996.29,0.00,0.00,0.00,999996.29,3999985.16,999996.29
2026-02-02T14:30:02-05:00,04f4c2ec-0979-4914-aa95-d2c0ea7bd4a4,DUO585405,1001809.56,999996.29,0.00,0.00,0.00,999996.29,3999985.16,999996.29
2026-02-02T14:35:02-05:00,f3c927a6-a82d-4f23-8cf3-379c1651df98,DUO585405,1001809.56,999996.29,0.00,0.00,0.00,999996.29,3999985.16,999996.29
2026-02-02T14:40:02-05:00,c9d86728-bc89-4f76-ae02-044bf6e5b05f,DUO585405,1001809.56,999996.29,0.00,0.00,0.00,999996.29,3999985.16,999996.29
2026-02-02T14:45:02-05:00,fee2c9b7-e028-4494-ac99-a45bd924384e,DUO585405,1001809.56,999996.29,0.00,0.00,0.00,999996.29,3999985.16,999996.29
2026-02-02T14:50:02-05:00,8ad95d5f-a24f-4294-9468-02553bb7522a,DUO585405,1001809.56,999996.29,0.00,0.00,0.00,999996.29,3999985.16,999996.29
2026-02-02T14:55:02-05:00,62bd6e16-c831-432d-ab04-9678ac3fb37f,DUO585405,1001809.56,999996.29,0.00,0.00,0.00,999996.29,3999985.16,999996.29
2026-02-02T15:00:02-05:00,0da84cf0-966e-452a-ac88-20ead757fce8,DUO585405,1001809.56,999996.29,0.00,0.00,0.00,999996.29,3999985.16,999996.29
2026-02-02T15:05:02-05:00,6a801330-ea59-44dd-8dee-e9c6a87062c7,DUO585405,1001809.56,999996.29,0.00,0.00,0.00,999996.29,3999985.16,999996.29
